year,chinese_code,name,landfall_time,landfall_lat,landfall_lon,landfall_wind_speed,landfall_pressure,landfall_wind_category,max_wind,max_wind_category
1960,6001,Mary,1960-06-08 18:00:00,22.148899595115314,113.88667469633648,35.0,970.0,2,45.0,2
1960,6005,Polly,1960-07-28 12:00:00,36.761675015030455,121.40627058116215,30.0,983.0,1,70.0,3
1960,6007,Shirley,1960-07-31 18:00:00,24.672577481655946,121.8306525428028,50.0,950.0,2,70.0,3
1960,6008,Trix,1960-08-09 06:00:00,23.901145725157328,117.48968847358404,20.0,985.0,1,65.0,3
1960,6012,Agnes,1960-08-14 06:00:00,24.61133275974638,121.86799655847827,25.0,994.0,1,25.0,1
1960,6014,Carmen,1960-08-23 18:00:00,45.017397169760095,131.53739267294404,15.0,980.0,0,40.0,2
1960,6016,Elaine,1960-08-23 12:00:00,23.028129073093552,121.3306323315684,25.0,990.0,1,40.0,2
1960,6024,Kit,1960-10-11 12:00:00,19.489094342201252,110.80788679846958,35.0,980.0,2,50.0,2
1961,6103,Alice,1961-05-19 06:00:00,22.148500442504883,113.94411120944552,35.0,980.0,2,40.0,2
1961,6104,Betty,1961-05-26 18:00:00,23.10584688026094,121.3788306239478,35.0,970.0,2,50.0,2
1961,6109,Doris,1961-07-02 00:00:00,23.421863475216362,116.83360239358773,20.0,986.0,1,20.0,1
1961,6110,Elsie,1961-07-15 00:00:00,23.22073258343865,116.67743595796473,15.0,992.0,0,50.0,2
1961,6111,Flossie,1961-07-19 12:00:00,22.2836910541241,114.50240325927734,15.0,995.0,0,25.0,1
1961,6115,June,1961-08-07 06:00:00,23.228434812299042,121.40862607508038,30.0,985.0,1,50.0,2
1961,6120,Lorna,1961-08-25 00:00:00,22.44508159028674,120.93237761456989,45.0,970.0,2,65.0,3
1961,6121,Olga,1961-09-09 18:00:00,22.75749479689292,115.04250520310708,35.0,980.0,2,35.0,2
1961,6122,Pamela,1961-09-12 06:00:00,24.693607955322722,118.72045454296729,40.0,970.0,2,85.0,3
1961,6125,Sally,1961-09-29 06:00:00,22.57071014134943,114.91420282698854,20.0,990.0,1,40.0,2
1961,6126,Tilda,1961-10-04 06:00:00,28.93126790517217,121.57394341235651,25.0,980.0,1,60.0,3
1962,6205,Kate,1962-07-22 18:00:00,22.71780396407678,121.10981699700639,30.0,970.0,1,40.0,2
1962,6208,Opal,1962-08-05 12:00:00,24.086243340123165,121.61283954921838,65.0,920.0,3,75.0,3
1962,6209,Patsy,1962-08-10 12:00:00,19.603455777653675,110.96080890919245,35.0,975.0,2,35.0,2
1962,6213,Wanda,1962-09-01 12:00:00,22.532300310959304,113.58694891164244,25.0,976.0,1,50.0,2
1962,6214,Amy,1962-09-05 06:00:00,23.727710083176003,121.55301470888399,40.0,960.0,2,65.0,3
1962,6216,Carla,1962-09-21 18:00:00,18.468968315614436,110.07814786046596,35.0,985.0,2,35.0,2
1962,6217,Dinah,1962-10-03 18:00:00,22.893623212690642,116.19429941167388,20.0,985.0,1,50.0,2
1963,6304,Trix,1963-07-01 00:00:00,23.224492621791704,116.79734778653751,30.0,985.0,1,35.0,2
1963,6306,Wendy,1963-07-16 06:00:00,23.9065760416038,121.60301250010777,35.0,960.0,2,70.0,3
1963,6307,Agnes,1963-07-22 18:00:00,21.35167571630557,110.71578356031935,20.0,989.0,1,35.0,2
1963,6317,(nameless),1963-07-31 18:00:00,18.676117295798242,110.3915425226891,15.0,998.0,0,20.0,1
1963,6309,Carmen,1963-08-16 06:00:00,19.85241885428714,110.9897471873451,40.0,970.0,2,65.0,3
1963,6311,Faye,1963-09-07 18:00:00,20.052442873532314,110.7335500573631,35.0,968.0,2,55.0,3
1963,6312,Gloria,1963-09-12 18:00:00,26.3,119.79032815922935,30.0,985.0,1,70.0,3
1964,6402,Viola,1964-05-28 00:00:00,22.006154418756914,113.25213643402394,30.0,982.0,1,35.0,2
1964,6403,Winnie,1964-07-02 06:00:00,19.28936621483336,110.63190135549992,40.0,960.0,2,45.0,2
1964,6408,Flossie,1964-07-30 00:00:00,41.665409571648496,127.04672112260607,10.0,990.0,0,40.0,2
1964,6410,Helen,1964-08-03 18:00:00,39.44769034669618,122.51743655110128,20.0,995.0,1,75.0,3
1964,6411,Ida,1964-08-08 18:00:00,22.159499438468288,113.48265072999122,30.0,972.0,1,85.0,3
1964,6412,June,1964-08-14 18:00:00,20.5,110.51509769306793,12.0,999.0,0,20.0,1
1964,6415,Ruby,1964-09-05 12:00:00,22.217023500132626,113.54644908304597,25.0,980.0,1,45.0,2
1964,6416,Sally,1964-09-10 18:00:00,22.653419400830675,114.59026517676251,15.0,988.0,0,100.0,3
1964,6423,Dot,1964-10-13 06:00:00,22.757979819720546,114.62872360358554,20.0,990.0,1,45.0,2
1965,6505,Babe,1965-06-05 06:00:00,23.54938470041458,120.14200110538955,,1002.0,0,35.0,2
1965,6506,Dinah,1965-06-18 12:00:00,22.373724918711453,120.90477728750702,40.0,983.0,2,80.0,3
1965,6508,Freda,1965-07-15 18:00:00,21.55174097356437,108.29602063185287,20.0,990.0,1,75.0,3
1965,6509,Gilda,1965-07-23 06:00:00,21.614432455897006,111.98556754410299,20.0,990.0,1,25.0,1
1965,6510,Harriet,1965-07-28 06:00:00,36.72229063472514,121.3478796271762,15.0,997.0,0,45.0,2
1965,6512,Jean,1965-08-07 18:00:00,46.63304616444147,134.0,20.0,985.0,1,65.0,3
1965,6513,Mary,1965-08-18 18:00:00,24.690555225460788,121.83148258179736,55.0,960.0,3,75.0,3
1965,6514,Nadine,1965-08-17 18:00:00,18.998046778255677,110.51757899569891,25.0,990.0,1,30.0,1
1965,6517,Rose,1965-09-05 12:00:00,21.458723359120782,111.07080860993428,15.0,992.0,0,50.0,2
1965,6521,Agnes,1965-09-27 18:00:00,21.575130575465586,111.87460827360324,15.0,995.0,0,30.0,1
1965,6522,Elaine,1965-11-13 06:00:00,20.026648151753186,110.7699861138149,9.5,1008.0,0,25.0,1
1966,6603,Judy,1966-05-30 12:00:00,22.964379710072247,120.15923405773479,25.0,988.0,1,45.0,2
1966,6605,Lola,1966-07-13 18:00:00,22.148500442504883,114.037642288208,20.0,990.0,1,30.0,1
1966,6606,Mamie,1966-07-17 18:00:00,21.829847940625445,112.65851700187349,15.0,1000.0,0,35.0,2
1966,6608,Ora,1966-07-26 12:00:00,21.4584926984468,109.44641168248512,30.0,978.0,1,45.0,2
1966,6609,Phyllis,1966-08-01 18:00:00,18.200726817243083,109.69031442225565,15.0,998.0,0,20.0,1
1966,6611,Tess,1966-08-17 00:00:00,26.35479399095353,119.90639198793804,20.0,985.0,1,45.0,2
1966,6612,Winnie,1966-08-26 06:00:00,39.60149575601853,122.83703257624421,12.0,1002.0,0,35.0,2
1966,6614,Alice,1966-09-03 12:00:00,26.4986606420827,119.7825883470751,12.0,990.0,0,60.0,3
1966,6615,Cora,1966-09-07 00:00:00,26.92729257067076,120.15995634452432,35.0,978.0,2,65.0,3
1967,6702,Anita,1967-06-30 06:00:00,23.006222089397696,116.54844447765058,30.0,980.0,1,45.0,2
1967,6704,Clara,1967-07-11 12:00:00,24.151422454443907,121.65772407288975,30.0,985.0,1,50.0,2
1967,6705,Dot,1967-07-30 00:00:00,40.73726043418633,122.0550685866087,10.0,1000.0,0,35.0,2
1967,6706,Fran,1967-08-02 18:00:00,21.43383958178921,111.0112798605964,25.0,975.0,1,35.0,2
1967,6708,(nameless),1967-07-31 06:00:00,25.445765548469673,119.62540670918196,20.0,992.0,1,20.0,1
1967,6710,Iris,1967-08-17 00:00:00,21.526344823116936,111.66838621225968,9.5,995.0,0,25.0,1
1967,6711,Kate,1967-08-21 18:00:00,22.097797494625212,113.00220250537478,15.0,986.0,0,35.0,2
1967,6714,Nora,1967-08-29 18:00:00,24.115608094521107,121.63293929109169,30.0,985.0,1,35.0,2
1967,6715,Patsy,1967-09-06 00:00:00,19.18246533425791,110.58958401109491,15.0,993.0,0,25.0,1
1967,6720,Emma,1967-11-08 00:00:00,20.98552181244581,110.52895637510838,20.0,990.0,1,65.0,3
1967,6721,Gilda,1967-11-18 06:00:00,23.61528676063386,121.52538655927559,35.0,980.0,2,70.0,3
1968,6803,Nadine,1968-07-28 12:00:00,23.045310966251684,120.07551827708613,15.0,994.0,0,35.0,2
1968,6807,Polly,1968-08-18 00:00:00,47.1608759115805,134.2225985414712,10.0,1000.0,0,40.0,2
1968,6806,Rose,1968-08-12 12:00:00,18.89016174506204,110.49290201316789,30.0,975.0,1,35.0,2
1968,6808,Shirley,1968-08-21 12:00:00,22.148500442504883,114.22985676356724,35.0,965.0,2,40.0,2
1968,6811,Wendy,1968-09-08 18:00:00,21.04056649863053,110.54906397808844,30.0,980.0,1,70.0,3
1968,6814,Elaine,1968-10-01 12:00:00,22.960632486463002,116.28582335138266,20.0,1003.0,1,75.0,3
1969,6903,Viola,1969-07-28 06:00:00,22.846890919130107,116.14237660186406,40.0,950.0,2,75.0,3
1969,6906,Betty,1969-08-08 12:00:00,26.286518774647288,119.74044367605815,35.0,970.0,2,40.0,2
1969,6909,(nameless),1969-09-10 00:00:00,22.70005826831772,120.25001456707943,20.0,993.0,1,25.0,1
1969,6911,Elsie,1969-09-27 12:00:00,24.62256808393399,118.42778213141123,15.0,990.0,0,85.0,3
1970,7003,Ruby,1970-07-16 06:00:00,22.649107597393385,114.73454673826103,15.0,991.0,0,25.0,1
1970,7004,(nameless),1970-08-03 00:00:00,22.642901955484476,114.58561569793416,15.0,995.0,0,25.0,1
1970,7005,Violet,1970-08-09 06:00:00,21.85704688007828,112.6890381865449,12.0,1000.0,0,20.0,1
1970,7008,Billie,1970-09-01 00:00:00,42.433335718635455,130.57544022854006,15.0,995.0,0,55.0,3
1970,7010,Fran,1970-09-07 18:00:00,25.25485993115801,119.36112055073592,15.0,990.0,0,30.0,1
1970,7011,Georgia,1970-09-14 06:00:00,22.812694431482768,115.12363271460919,15.0,985.0,0,65.0,3
1970,7013,Joan,1970-10-17 00:00:00,19.419217907407457,110.74136866203695,50.0,965.0,2,75.0,3
1971,7102,Wanda,1971-05-03 00:00:00,18.399878102426992,108.96245428841013,15.0,998.0,0,35.0,2
1971,7106,Dinah,1971-05-29 00:00:00,18.905268256042184,110.51314642390508,25.0,995.0,1,40.0,2
1971,7108,Freda,1971-06-18 00:00:00,22.347118460563195,113.59403415521153,20.0,983.0,1,35.0,2
1971,7109,Gilda,1971-06-27 18:00:00,19.53070847318709,110.81545296766453,40.0,972.0,2,45.0,2
1971,7113,Jean,1971-07-17 12:00:00,18.28743978459335,109.72093369234442,30.0,985.0,1,55.0,3
1971,7114,Lucy,1971-07-22 06:00:00,22.49089734917031,114.5795836151965,30.0,970.0,1,60.0,3
1971,7115,Nadine,1971-07-26 12:00:00,24.551093692287672,118.62226576928082,12.0,980.0,0,70.0,3
1971,7118,Rose,1971-08-17 00:00:00,22.75594668233086,113.55423407059314,30.0,988.0,1,60.0,3
1971,7122,Agnes,1971-09-18 18:00:00,23.71384566362218,121.54461734551127,35.0,980.0,2,40.0,2
1971,7123,Bess,1971-09-22 18:00:00,24.70739081173209,121.82967526773676,40.0,950.0,2,65.0,3
1971,7125,Della,1971-09-29 12:00:00,18.999209365954016,110.51810247828965,20.0,985.0,1,35.0,2
1972,7202,Ora,1972-06-27 06:00:00,21.461579441470878,111.13152616755873,15.0,997.0,0,40.0,2
1972,7203,Rita,1972-07-27 00:00:00,38.89114157617053,117.65059320510088,15.0,980.0,0,65.0,3
1972,7204,Susan,1972-07-15 06:00:00,25.008500638636185,118.99666605844172,10.0,992.0,0,45.0,2
1972,7207,Winnie,1972-08-01 18:00:00,27.368418351879505,120.5513201781958,30.0,990.0,1,30.0,1
1972,7209,Betty,1972-08-17 12:00:00,27.362360242504618,120.54280746648983,35.0,972.0,2,60.0,3
1972,7210,Cora,1972-08-28 00:00:00,19.75434307179769,111.0027280884552,30.0,970.0,1,30.0,1
1972,7220,Pamela,1972-11-08 06:00:00,19.410743199519825,110.73243806670668,40.0,945.0,2,50.0,2
1973,7301,Wilda,1973-07-03 12:00:00,24.555428865288842,118.21847628842961,25.0,988.0,1,35.0,2
1973,7303,Billie,1973-07-19 12:00:00,36.71333437136289,121.31128173188834,12.0,984.0,0,65.0,3
1973,7304,Dot,1973-07-17 00:00:00,22.148498913192725,114.32728478273663,25.0,980.0,1,35.0,2
1973,7307,Georgia,1973-08-12 12:00:00,21.458682001073228,111.07065899946339,30.0,970.0,1,35.0,2
1973,7311,Kate,1973-08-24 18:00:00,19.631323211905027,110.97952277321369,30.0,972.0,1,30.0,1
1973,7312,(nameless),1973-08-30 00:00:00,21.462899510143878,111.33710048985613,12.0,1001.0,0,25.0,1
1973,7314,Marge,1973-09-14 00:00:00,19.14157897147882,110.57631542781772,40.0,975.0,2,60.0,3
1973,7315,Nora,1973-10-10 06:00:00,24.332949149940603,118.11375593506534,25.0,990.0,1,70.0,3
1973,7318,Ruth,1973-10-18 12:00:00,18.181481218537513,109.61851878146248,35.0,973.0,2,40.0,2
1974,7405,(nameless),1974-06-08 06:00:00,21.521143398554194,111.65022180112452,15.0,995.0,0,25.0,1
1974,7406,Dinah,1974-06-13 00:00:00,19.52696511256591,110.81124421203862,30.0,978.0,1,35.0,2
1974,7410,Jean,1974-07-19 18:00:00,28.25456857919918,121.60227157104003,25.0,995.0,1,30.0,1
1974,7411,Ivy,1974-07-22 12:00:00,21.4998380347765,111.48764171957058,40.0,970.0,2,60.0,3
1974,7412,Lucy,1974-08-11 12:00:00,24.875784159150385,118.80807194694987,15.0,990.0,0,25.0,1
1974,7413,Mary,1974-08-19 18:00:00,28.825710108898118,121.67997076228683,30.0,977.0,1,35.0,2
1974,7416,(nameless),1974-08-29 12:00:00,36.959948178041216,122.52503238872424,30.0,985.0,1,30.0,1
1974,7419,(nameless),1974-09-06 12:00:00,21.43522666556953,111.29317331797341,20.0,987.0,1,25.0,1
1974,7420,Wendy,1974-09-28 18:00:00,24.870264905305774,121.82973509469423,30.0,986.0,1,30.0,1
1974,7421,Bess,1974-10-13 18:00:00,19.39767592932568,110.68605557595409,20.0,995.0,1,40.0,2
1974,7423,Della,1974-10-26 06:00:00,18.84068809285679,110.51518335000246,30.0,985.0,1,50.0,2
1974,7427,Irma,1974-12-02 06:00:00,21.953487504334767,112.85348750433477,15.0,998.0,0,50.0,2
1975,7503,Nina,1975-08-03 06:00:00,23.83288267323534,121.57988085823509,45.0,950.0,2,65.0,3
1975,7504,Ora,1975-08-12 12:00:00,28.248085433864087,121.5845949587262,35.0,980.0,2,40.0,2
1975,7506,(nameless),1975-08-12 00:00:00,18.286295661022866,109.36209855367429,12.0,990.0,0,20.0,1
1975,7510,Alice,1975-09-19 18:00:00,18.95772448656693,110.50826361243831,30.0,980.0,1,35.0,2
1975,7511,Betty,1975-09-22 12:00:00,22.466048624721445,120.93951375278553,35.0,965.0,2,40.0,2
1975,7513,Doris,1975-10-05 18:00:00,21.793745995924695,112.4979153319749,35.0,970.0,2,35.0,2
1975,7515,Flossie,1975-10-23 06:00:00,21.455537377636556,111.0592834964846,30.0,980.0,1,35.0,2
1976,7610,Violet,1976-07-26 00:00:00,21.63654996031791,112.01725019841045,20.0,980.0,1,35.0,2
1976,7613,Billie,1976-08-09 18:00:00,24.77917763774834,121.8123354337749,45.0,955.0,2,60.0,3
1976,7614,Clara,1976-08-06 18:00:00,21.84646819021708,112.65776998152242,20.0,990.0,1,35.0,2
1976,7616,Ellen,1976-08-24 06:00:00,22.65881164235759,114.94514954978378,20.0,993.0,1,30.0,1
1976,7619,Iris,1976-09-20 06:00:00,21.294337019555275,110.67168509777638,30.0,980.0,1,35.0,2
1977,7701,Ruth,1977-06-17 00:00:00,25.518208488436386,119.45516396127032,15.0,998.0,0,30.0,1
1977,7702,(nameless),1977-07-06 06:00:00,21.38570306593479,110.84524744505434,12.0,998.0,0,20.0,1
1977,7703,Sarah,1977-07-20 12:00:00,19.141313125756568,110.57631874915937,30.0,957.0,1,35.0,2
1977,7704,Thelma,1977-07-25 12:00:00,25.389166398504035,119.64650016089759,15.0,990.0,0,45.0,2
1977,7705,Vera,1977-07-31 12:00:00,24.931667524472992,121.88001029367591,45.0,945.0,2,55.0,3
1977,7708,Babe,1977-09-11 06:00:00,31.69547701983003,121.56381615864024,25.0,980.0,1,70.0,3
1977,7712,Freda,1977-09-25 00:00:00,21.58768842573971,111.68216083366853,20.0,997.0,1,30.0,1
1978,7803,Rose,1978-06-24 18:00:00,23.891152714500745,121.60088472854993,9.5,1001.0,0,25.0,1
1978,7805,Trix,1978-07-23 00:00:00,29.196606760186135,121.52205605879011,35.0,992.0,2,40.0,2
1978,7807,Agnes,1978-07-30 00:00:00,22.602431622952423,114.86747720765081,20.0,985.0,1,40.0,2
1978,7811,Della,1978-08-13 12:00:00,25.299047113384834,119.30952886615164,15.0,996.0,0,25.0,1
1978,7812,Elaine,1978-08-27 12:00:00,21.205703879546896,110.53946603363119,30.0,970.0,1,35.0,2
1978,7818,Lola,1978-10-01 18:00:00,19.405662788139594,110.6957529088953,25.0,975.0,1,40.0,2
1979,7905,Ellis,1979-07-06 06:00:00,21.237254779080605,110.63333124437025,10.0,997.0,0,45.0,2
1979,7908,Hope,1979-08-02 06:00:00,22.470574295698952,114.52559706630804,45.0,955.0,2,70.0,3
1979,7907,Gordon,1979-07-29 12:00:00,22.828366963183058,116.10601829750682,20.0,990.0,1,30.0,1
1979,7913,Mac,1979-09-23 18:00:00,22.159253399280306,113.48149320143939,15.0,1000.0,0,30.0,1
1979,7914,Nancy,1979-09-19 18:00:00,18.9,110.51403892103764,20.0,994.0,1,20.0,1
1980,8004,Georgia,1980-05-24 00:00:00,22.966185466001424,116.30498014338505,20.0,988.0,1,25.0,1
1980,8005,Herbert,1980-06-27 00:00:00,18.5763612584744,110.1618193707628,25.0,985.0,1,25.0,1
1980,8006,Ida,1980-07-11 18:00:00,23.21710564808123,116.78004341057189,20.0,985.0,1,30.0,1
1980,8008,(nameless),1980-07-19 06:00:00,21.525844842434548,111.66772099503571,12.0,999.0,0,20.0,1
1980,8009,Kim,1980-07-27 12:00:00,22.8090479406105,115.93132267986434,25.0,993.0,1,60.0,3
1980,8012,Norris,1980-08-27 18:00:00,24.586314230302268,121.86947875151763,35.0,975.0,2,45.0,2
1980,8014,Ruth,1980-09-15 00:00:00,19.429512534515474,110.73768106016489,25.0,985.0,1,30.0,1
1980,8015,Percy,1980-09-19 00:00:00,23.83310845757403,117.62525298522921,35.0,980.0,2,60.0,3
1981,8103,Ike,1981-06-13 06:00:00,22.429892621394366,120.48690335925492,30.0,974.0,1,30.0,1
1981,8104,June,1981-06-20 12:00:00,24.36830058249547,121.77641618125378,30.0,980.0,1,40.0,2
1981,8105,Kelly,1981-07-03 18:00:00,18.28743978459335,109.72093369234442,45.0,965.0,2,45.0,2
1981,8106,Lynn,1981-07-07 00:00:00,21.82254132108368,112.65163911927755,30.0,986.0,1,30.0,1
1981,8107,Maury,1981-07-20 06:00:00,25.8,119.61286755613555,15.0,994.0,0,30.0,1
1981,8108,(nameless),1981-07-23 06:00:00,28.147426155346302,121.04577215339611,20.0,996.0,1,25.0,1
1981,8111,Roy,1981-08-09 12:00:00,18.943111762875024,110.50859020279158,12.0,995.0,0,25.0,1
1981,8113,Warren,1981-08-19 00:00:00,18.674393182011556,110.32560681798844,20.0,990.0,1,25.0,1
1981,8116,Clara,1981-09-22 00:00:00,22.793867301308147,115.87674596856104,25.0,985.0,1,60.0,3
1981,8120,Hazen,1981-11-22 12:00:00,18.368274636567502,109.75034571885999,15.0,1005.0,0,45.0,2
1982,8208,Winona,1982-07-17 18:00:00,21.644864675132297,108.55279320388001,12.0,998.0,0,25.0,1
1982,8209,Andy,1982-07-29 00:00:00,22.863526464235086,121.19412255960819,40.0,965.0,2,55.0,3
1982,8212,Dot,1982-08-15 18:00:00,23.908451649666013,117.64787030601175,12.0,1000.0,0,35.0,2
1982,8213,Ellis,1982-08-28 06:00:00,42.64031673828788,130.33992081542803,20.0,980.0,1,65.0,3
1982,8217,Irving,1982-09-15 00:00:00,20.15529513325347,110.68940973349305,35.0,965.0,2,40.0,2
1983,8302,Tip,1983-07-13 06:00:00,19.800817572206913,110.99918242779309,15.0,994.0,0,30.0,1
1983,8303,Vera,1983-07-17 12:00:00,19.45776964695701,110.76892141217195,30.0,970.0,1,35.0,2
1983,8304,Wayne,1983-07-25 12:00:00,23.90865084632118,117.7504840690467,30.0,975.0,1,65.0,3
1983,8309,Ellen,1983-09-09 06:00:00,22.25058343687346,113.59244040223325,30.0,985.0,1,60.0,3
1983,8311,Georgia,1983-09-30 06:00:00,19.579811859611386,110.92042331587437,25.0,985.0,1,30.0,1
1983,8314,Joe,1983-10-13 18:00:00,21.722924120979798,112.38153697002886,25.0,995.0,1,30.0,1
1984,8402,Wynne,1984-06-25 12:00:00,21.44099170212465,111.31305808512745,30.0,970.0,1,30.0,1
1984,8403,Alex,1984-07-03 06:00:00,23.228791957660135,121.40890100529249,30.0,985.0,1,35.0,2
1984,8404,Betty,1984-07-09 06:00:00,21.613286169952428,111.73837460129162,25.0,985.0,1,30.0,1
1984,8406,Ed,1984-07-31 18:00:00,32.686550286769936,120.89853699815261,25.0,988.0,1,55.0,3
1984,8407,Freda,1984-08-07 06:00:00,24.856512913756955,121.82615314682283,25.0,985.0,1,30.0,1
1984,8408,Gerald,1984-08-21 06:00:00,22.148499103700633,114.34909946222038,15.0,990.0,0,30.0,1
1984,8410,Ike,1984-09-06 06:00:00,21.706746568244622,108.69578339484711,20.0,990.0,1,50.0,2
1984,8411,June,1984-08-31 00:00:00,22.848072282464194,116.14391567045844,12.0,990.0,0,30.0,1
1985,8503,(nameless),1985-06-20 00:00:00,18.605917272353555,110.1881654552929,10.0,996.0,0,20.0,1
1985,8504,Hal,1985-06-24 06:00:00,22.79367791113867,115.31329026110767,25.0,975.0,1,40.0,2
1985,8506,Jeff,1985-07-30 18:00:00,28.200350879623507,121.0996491203765,30.0,975.0,1,40.0,2
1985,8508,Lee,1985-08-14 12:00:00,41.791968149681615,126.89239731880083,20.0,988.0,1,30.0,1
1985,8509,Mamie,1985-08-18 06:00:00,31.69728961523114,121.80271038476886,30.0,982.0,1,35.0,2
1985,8510,Nelson,1985-08-23 18:00:00,25.725910433609492,119.60364173443797,30.0,975.0,1,50.0,2
1985,8515,Tess,1985-09-06 00:00:00,21.723659259524545,112.3579089945574,30.0,975.0,1,40.0,2
1985,8517,Winona,1985-09-22 00:00:00,20.923038354403726,110.52617698735776,25.0,980.0,1,25.0,1
1985,8518,Andy,1985-09-29 18:00:00,18.699331712912826,110.43155123443421,25.0,980.0,1,35.0,2
1985,8521,Dot,1985-10-21 00:00:00,18.198981931538363,109.61018068461635,40.0,970.0,2,70.0,3
1986,8604,Mac,1986-05-19 06:00:00,18.16537308804195,109.57597018396854,10.0,995.0,0,25.0,1
1986,8607,Peggy,1986-07-11 18:00:00,22.809822581644582,114.7770806428293,20.0,985.0,1,65.0,3
1986,8609,(nameless),1986-07-20 18:00:00,20.345598645277423,110.45440135472258,20.0,996.0,1,20.0,1
1986,8613,(nameless),1986-08-10 18:00:00,18.97955408334661,110.5102229583267,12.0,995.0,0,20.0,1
1986,8616,Wayne,1986-08-22 00:00:00,23.977618823147743,120.33285646944323,35.0,965.0,2,45.0,2
1986,8617,Abby,1986-09-19 06:00:00,23.41329255389691,121.47621960435936,45.0,946.0,2,50.0,2
1986,8621,Ellen,1986-10-19 06:00:00,21.1,110.32579896017381,20.0,995.0,1,40.0,2
1987,8702,Ruth,1987-06-19 06:00:00,21.506380730827306,111.5462044614389,35.0,982.0,2,35.0,2
1987,8704,Thelma,1987-07-16 18:00:00,45.14701158221855,132.4571632430212,12.0,990.0,0,60.0,3
1987,8705,Vernon,1987-07-21 06:00:00,24.420636935078644,121.78730095778792,25.0,990.0,1,30.0,1
1987,8707,Alex,1987-07-27 18:00:00,27.818069195852313,120.78425744055302,25.0,985.0,1,35.0,2
1987,8710,Cary,1987-08-21 18:00:00,18.294780273071364,109.20782959039296,35.0,970.0,2,40.0,2
1987,8712,Gerald,1987-09-10 12:00:00,24.601253687837012,118.67035398185399,30.0,980.0,1,45.0,2
1987,8719,Lynn,1987-10-28 06:00:00,22.140991534947837,113.40115736866085,10.0,1008.0,0,70.0,3
1988,8804,Vanessa,1988-06-29 12:00:00,21.865393766972947,112.95576770550451,15.0,1000.0,0,25.0,1
1988,8805,Warren,1988-07-19 12:00:00,22.851281015161184,116.14871898483881,30.0,975.0,1,55.0,3
1988,8807,Bill,1988-08-07 18:00:00,29.42466613117643,121.9636685408825,35.0,970.0,2,35.0,2
1988,8817,Kit,1988-09-22 00:00:00,22.839640653819874,116.12316515386868,25.0,985.0,1,35.0,2
1988,8823,Pat,1988-10-22 12:00:00,18.593645396549114,110.18160565173301,30.0,985.0,1,35.0,2
1988,8824,Ruby,1988-10-28 06:00:00,18.74964777474967,110.45176112625165,25.0,980.0,1,45.0,2
1989,8903,Brenda,1989-05-20 18:00:00,21.76925667133878,112.6153379915902,25.0,985.0,1,35.0,2
1989,8905,Dot,1989-06-10 06:00:00,18.38667754543459,109.75497552277217,35.0,970.0,2,40.0,2
1989,8907,Faye,1989-07-10 18:00:00,19.628690756927764,110.97827310768058,20.0,990.0,1,30.0,1
1989,8908,Gordon,1989-07-18 06:00:00,21.578761803404063,111.67787338751843,35.0,970.0,2,60.0,3
1989,8909,Hope,1989-07-20 18:00:00,28.826771858298592,121.68031557489579,40.0,975.0,2,40.0,2
1989,8913,Ken,1989-08-04 00:00:00,31.208162880382694,121.76734847846923,25.0,985.0,1,30.0,1
1989,8912,(nameless),1989-07-30 00:00:00,25.0696022623184,121.9215909507264,15.0,996.0,0,20.0,1
1989,8918,(nameless),1989-08-20 00:00:00,26.8,120.13535744114094,10.0,1004.0,0,25.0,1
1989,8921,Sarah,1989-09-11 18:00:00,23.65334438678431,121.53464898114511,30.0,975.0,1,55.0,3
1989,8923,Vera,1989-09-15 12:00:00,28.43878474405189,121.57063298763244,30.0,980.0,1,30.0,1
1989,8926,Brian,1989-10-02 18:00:00,18.415695152071283,110.06771364053462,35.0,975.0,2,40.0,2
1990,9004,Nathan,1990-06-18 12:00:00,21.608017466547416,109.55991266726294,20.0,990.0,1,30.0,1
1990,9005,Ofelia,1990-06-23 06:00:00,23.120770557575902,121.4,40.0,965.0,2,40.0,2
1990,9006,Percy,1990-06-29 12:00:00,23.86722617764186,117.60492176504053,30.0,980.0,1,45.0,2
1990,9009,Tasha,1990-07-31 00:00:00,22.716392464000347,115.56816980666652,25.0,980.0,1,35.0,2
1990,9012,Yancy,1990-08-19 06:00:00,24.77432879926527,121.81213680416347,40.0,960.0,2,40.0,2
1990,9015,Abe,1990-08-31 06:00:00,28.623606677246094,121.51250570068359,30.0,980.0,1,45.0,2
1990,9017,Cecil,1990-09-04 12:00:00,26.921477763638176,120.20469631514909,20.0,1000.0,1,30.0,1
1990,9018,Dot,1990-09-07 18:00:00,23.245407610915333,121.40918477816935,35.0,970.0,2,40.0,2
1991,9103,Vanessa,1991-04-28 06:00:00,18.657508903762295,110.26332937610564,15.0,1000.0,0,25.0,1
1991,9106,Zeke,1991-07-13 00:00:00,18.659046957404666,110.26857738335802,40.0,965.0,2,45.0,2
1991,9107,Amy,1991-07-19 12:00:00,23.181611349042143,116.57355460383143,30.0,970.0,1,55.0,3
1991,9108,Brendan,1991-07-24 00:00:00,21.991759730354513,113.21483248536188,30.0,980.0,1,35.0,2
1991,9111,Fred,1991-08-16 00:00:00,20.4,110.49452246497658,45.0,960.0,2,45.0,2
1991,9116,Joel,1991-09-06 18:00:00,22.804362455581813,115.09345631662728,25.0,985.0,1,30.0,1
1991,9119,Nat,1991-09-23 00:00:00,22.2,120.88574782348363,45.0,950.0,2,50.0,2
1992,9204,Chuck,1992-06-28 00:00:00,18.4154979402586,109.91266941298854,35.0,960.0,2,35.0,2
1992,9205,Eli,1992-07-13 00:00:00,19.196348415072933,110.6054773773906,35.0,970.0,2,35.0,2
1992,9206,Faye,1992-07-18 00:00:00,22.157458183980687,113.47149163679615,20.0,992.0,1,25.0,1
1992,9207,Gary,1992-07-23 00:00:00,21.122457640702553,110.36257059882908,25.0,985.0,1,35.0,2
1992,9212,Mark,1992-08-19 06:00:00,23.591887847247225,116.97295949082408,12.0,998.0,0,25.0,1
1992,9215,Omar,1992-09-05 12:00:00,24.4,117.8978012409439,12.0,992.0,0,55.0,3
1992,9216,Polly,1992-08-30 06:00:00,23.982680645877164,121.61731935412284,30.0,975.0,1,35.0,2
1992,9219,Ted,1992-09-22 06:00:00,23.214034346055694,121.39649141348607,35.0,975.0,2,35.0,2
1993,9302,Koryn,1993-06-27 18:00:00,21.596322142901673,111.91103357129498,30.0,975.0,1,60.0,3
1993,9303,Lewis,1993-07-10 18:00:00,18.378449378057358,109.7586074633117,30.0,980.0,1,30.0,1
1993,9309,Tasha,1993-08-21 00:00:00,21.51647015999051,111.56705968001899,35.0,970.0,2,35.0,2
1993,9315,Abe,1993-09-14 00:00:00,22.967289614550463,116.51233661671925,35.0,965.0,2,50.0,2
1993,9316,Becky,1993-09-17 06:00:00,21.89328938117811,112.98791695960264,25.0,985.0,1,35.0,2
1993,9318,Dot,1993-09-26 12:00:00,21.73165461417581,112.4,20.0,990.0,1,40.0,2
1993,9323,Ira,1993-11-04 18:00:00,21.606257247439167,111.93124758418695,20.0,995.0,1,45.0,2
1994,9403,Russ,1994-06-08 12:00:00,20.961403220265982,110.28464919493351,20.0,990.0,1,30.0,1
1994,9404,Sharon,1994-06-25 06:00:00,21.612654856484877,111.7887345143515,10.0,998.0,0,20.0,1
1994,9405,(nameless),1994-07-04 12:00:00,21.486722366460313,111.36093646672562,20.0,993.0,1,20.0,1
1994,9406,Tim,1994-07-10 12:00:00,23.257747982041746,121.4138016143666,45.0,950.0,2,55.0,3
1994,9413,Caitlin,1994-08-03 12:00:00,22.963153680261964,121.29474386623006,25.0,985.0,1,25.0,1
1994,9414,Doug,1994-08-12 18:00:00,32.42071076922389,121.33195461536569,15.0,1000.0,0,50.0,2
1994,9415,Ellie,1994-08-16 06:00:00,39.47666648623818,122.5603919870477,20.0,995.0,1,40.0,2
1994,9417,Fred,1994-08-21 18:00:00,27.6576336633781,120.66404554451447,35.0,975.0,2,55.0,3
1994,9418,Gladys,1994-09-01 06:00:00,24.34116996914078,121.76892149469833,40.0,960.0,2,45.0,2
1994,9422,Joel,1994-09-06 06:00:00,18.29158103353019,109.41736824720583,20.0,985.0,1,25.0,1
1994,9424,Luke,1994-09-12 18:00:00,18.950824973809492,110.50824973809495,25.0,985.0,1,25.0,1
1995,9502,Deanna,1995-06-08 12:00:00,23.222770045094297,120.08685462744418,15.0,998.0,0,23.0,1
1995,9504,Gary,1995-07-31 06:00:00,23.41842074629077,116.85115129664318,30.0,980.0,1,30.0,1
1995,9505,Helen,1995-08-12 06:00:00,22.76627951248994,114.64082677500224,23.0,990.0,1,30.0,1
1995,9506,Irving,1995-08-19 18:00:00,20.645845624117058,110.39025729313823,20.0,993.0,1,20.0,1
1995,9507,Janis,1995-08-25 00:00:00,28.29743387164247,121.44359257970054,20.0,995.0,1,30.0,1
1995,9508,Lois,1995-08-28 06:00:00,18.5,110.08891875086923,30.0,980.0,1,30.0,1
1995,9509,Kent,1995-08-31 12:00:00,22.75627854391667,115.04054412556943,25.0,985.0,1,50.0,2
1995,9511,Nina,1995-09-07 12:00:00,21.56112604833312,109.56216006531758,12.0,1000.0,0,20.0,1
1995,9515,Sibyl,1995-10-03 06:00:00,21.44711457878301,111.3225164957099,30.0,980.0,1,33.0,2
1995,9516,Ted,1995-10-13 12:00:00,21.613697415799223,109.01369741579923,18.0,998.0,1,25.0,1
1995,9521,Angela,1995-11-06 00:00:00,18.19594148201605,109.71082271462386,15.0,1000.0,0,60.0,3
1996,9606,FRANKIE,1996-07-22 12:00:00,18.78325409972008,110.51674590027993,28.0,970.0,1,28.0,1
1996,9607,GLORIA,1996-07-27 00:00:00,24.608009286154577,118.41383543905242,18.0,990.0,1,40.0,2
1996,9608,HERB,1996-07-31 18:00:00,24.845794965417845,121.81307551873233,40.0,960.0,2,55.0,3
1996,9610,LISA,1996-08-06 18:00:00,23.5711142804964,117.3711142804964,18.0,995.0,1,25.0,1
1996,9612,NIKI,1996-08-22 00:00:00,18.394070624750984,109.75309791749673,30.0,975.0,1,35.0,2
1996,9615,SALLY,1996-09-09 06:00:00,21.328947868472486,110.69736492069259,30.0,960.0,1,50.0,2
1996,9618,WILLIE,1996-09-20 00:00:00,20.49439629864389,110.51400925339027,28.0,980.0,1,33.0,2
1997,9710,VICTOR,1997-08-02 12:00:00,22.148500442504883,114.0747500737508,30.0,970.0,1,30.0,1
1997,9711,WINNIE,1997-08-18 18:00:00,28.259636031956347,121.42234758988168,35.0,970.0,2,60.0,3
1997,9713,ZITA,1997-08-22 06:00:00,20.648158562216466,110.39008527187296,30.0,975.0,1,30.0,1
1997,9714,AMBER,1997-08-29 00:00:00,23.579280019095535,121.52071998090447,35.0,970.0,2,50.0,2
1998,9801,NICHOLE,1998-07-09 18:00:00,22.981229646017592,120.14983716814075,18.0,998.0,1,18.0,1
1998,9802,OTTO,1998-08-04 06:00:00,22.98434975259876,121.31173768555094,30.0,980.0,1,30.0,1
1998,9803,PENNY,1998-08-11 00:00:00,21.528798796202388,111.4070007523735,25.0,990.0,1,25.0,1
1998,9806,TODD,1998-09-19 18:00:00,29.89632369519152,122.13345662836183,20.0,995.0,1,40.0,2
1999,9902,LEO,1999-05-02 18:00:00,22.60584530225911,114.85438397669434,12.0,1002.0,0,35.0,2
1999,9903,MAGGIE,1999-06-07 18:00:00,21.92852818123116,112.8571320453078,20.0,985.0,1,40.0,2
1999,9905,(nameless),1999-07-27 12:00:00,23.605947531897023,117.07567680849787,15.0,990.0,0,23.0,1
1999,9906,OLGA,1999-08-04 00:00:00,41.330213590212445,126.42434045300709,15.0,998.0,0,35.0,2
1999,9907,PAUL,1999-08-09 00:00:00,35.49663552298569,119.60605605862574,10.0,999.0,0,28.0,1
1999,9908,SAM,1999-08-22 12:00:00,22.258558044433588,114.50240325927734,25.0,985.0,1,33.0,2
1999,9909,WENDY,1999-09-04 00:00:00,22.937447685631206,116.49004185149504,15.0,998.0,0,20.0,1
1999,9910,YORK,1999-09-16 12:00:00,22.278643504317742,113.5820347435234,25.0,980.0,1,30.0,1
1999,9914,DAN,1999-10-09 06:00:00,24.256930514876927,118.07384491418718,30.0,980.0,1,40.0,2
2000,0004,Kai-tak,2000-07-09 06:00:00,23.383184947882942,121.46831849478829,30.0,980.0,1,35.0,2
2000,0008,Jelawat,2000-08-10 18:00:00,29.52139938210087,121.7679009268487,25.0,990.0,1,45.0,2
2000,0010,Bilis,2000-08-22 18:00:00,22.88339697140761,121.23320605718477,50.0,940.0,2,55.0,3
2000,0013,Maria,2000-09-01 00:00:00,22.704977063169743,115.00938933551892,25.0,985.0,1,28.0,1
2000,0016,Wukong,2000-09-09 06:00:00,18.202981466013235,109.7089443980397,33.0,975.0,2,40.0,2
2001,0102,Chebi,2001-06-23 18:00:00,25.37833431013751,119.50205899590662,30.0,980.0,1,40.0,2
2001,0103,Durian,2001-07-02 12:00:00,21.614413295169165,108.77117340966167,23.0,990.0,1,35.0,2
2001,0104,Utor,2001-07-06 00:00:00,22.70402958096475,115.00556746093878,30.0,970.0,1,35.0,2
2001,0105,Trami,2001-07-11 12:00:00,22.39306202035417,120.91040696946875,18.0,996.0,1,20.0,1
2001,0107,Yutu,2001-07-25 18:00:00,21.480468810289093,111.353710771705,33.0,975.0,2,33.0,2
2001,0108,Toraji,2001-07-29 18:00:00,23.553292966289074,121.50538984719529,35.0,970.0,2,40.0,2
2001,0114,Fitow,2001-08-31 06:00:00,21.62273279095299,108.77726720904701,18.0,990.0,1,20.0,1
2001,0116,Nari,2001-09-16 18:00:00,24.77686732782109,121.8122407933853,30.0,980.0,1,40.0,2
2001,0119,Lekima,2001-09-26 12:00:00,22.540692904444903,120.96372283822204,33.0,970.0,2,35.0,2
2002,0208,Nakri,2002-07-10 00:00:00,24.430623715584094,120.60899794493456,20.0,988.0,1,20.0,1
2002,0209,Fengshen,2002-07-27 18:00:00,35.94086094304441,120.21684320883715,15.0,1000.0,0,55.0,3
2002,0212,Kammuri,2002-08-05 00:00:00,22.880725141867213,115.67614502837344,25.0,985.0,1,28.0,1
2002,0214,Vongfong,2002-08-19 12:00:00,21.222504417634784,110.62980599321739,30.0,980.0,1,30.0,1
2002,0216,Sinlaku,2002-09-07 12:00:00,27.2,120.51858205677625,35.0,970.0,2,45.0,2
2002,0218,Hagupit,2002-09-12 00:00:00,21.63057645449692,112.01654127301848,20.0,990.0,1,25.0,1
2002,0220,Mekkhala,2002-09-25 18:00:00,18.37287432204105,109.07570855931965,20.0,992.0,1,23.0,1
2003,0308,Koni,2003-07-21 12:00:00,18.804312284880762,110.5262824331558,20.0,985.0,1,30.0,1
2003,0307,Imbudo,2003-07-24 06:00:00,21.436234196425794,111.29477844643357,30.0,975.0,1,50.0,2
2003,0309,Morakot,2003-08-03 18:00:00,22.29197693519634,120.88001441550229,25.0,988.0,1,25.0,1
2003,0312,Krovanh,2003-08-25 00:00:00,19.997592989634082,110.93774618567085,35.0,965.0,2,40.0,2
2003,0311,Vamco,2003-08-20 06:00:00,27.63504380750127,120.66702127270653,18.0,996.0,1,23.0,1
2003,0313,Dujuan,2003-09-02 12:00:00,22.580641624822967,114.90969745933654,35.0,965.0,2,45.0,2
2003,0320,Nepartak,2003-11-18 06:00:00,18.49084954574462,108.73485840904256,33.0,975.0,2,33.0,2
2004,0407,Mindulle,2004-07-01 18:00:00,23.760461580325284,121.5684395484785,28.0,985.0,1,45.0,2
2004,0409,Kompasu,2004-07-16 12:00:00,22.148500192660542,114.47379408364814,15.0,1002.0,0,23.0,1
2004,0411,(nameless),2004-07-27 06:00:00,22.938587222567374,116.24211916614894,12.0,1000.0,0,23.0,1
2004,0414,Rananim,2004-08-12 12:00:00,28.230785020932256,121.39997719198674,45.0,950.0,2,45.0,2
2004,0418,Aere,2004-08-25 18:00:00,24.71789657446155,118.7357931489231,30.0,980.0,1,40.0,2
2004,0421,Haima,2004-09-13 06:00:00,27.86514646976643,120.84273635442042,18.0,998.0,1,18.0,1
2004,0428,Nanmadol,2004-12-04 00:00:00,22.430864352443198,120.48477392073866,25.0,990.0,1,45.0,2
2005,0505,Haitang,2005-07-18 12:00:00,24.289310998005828,121.7437057534898,35.0,970.0,2,60.0,3
2005,0508,Washi,2005-07-30 00:00:00,19.11015008679043,110.56954973962871,23.0,985.0,1,25.0,1
2005,0509,Matsa,2005-08-06 00:00:00,28.21943944054993,121.11667267134008,35.0,970.0,2,45.0,2
2005,0510,Sanvu,2005-08-13 06:00:00,23.397091827374048,116.81976809415961,25.0,990.0,1,30.0,1
2005,0513,Talim,2005-09-01 12:00:00,25.189418774559385,119.21385992140998,25.0,985.0,1,55.0,3
2005,0515,Khanun,2005-09-11 12:00:00,28.613632411237912,121.51487962614735,33.0,975.0,2,50.0,2
2005,0518,Damrey,2005-09-26 00:00:00,19.06622765764815,110.56491063059259,35.0,970.0,2,50.0,2
2005,0519,Longwang,2005-10-02 00:00:00,23.65266433493192,121.53312587876451,40.0,960.0,2,55.0,3
2006,0601,Chanchu,2006-05-18 00:00:00,23.567420326097302,117.12176023716168,23.0,990.0,1,50.0,2
2006,0604,Bilis,2006-07-13 18:00:00,24.781304216584665,121.81242254773619,30.0,975.0,1,30.0,1
2006,0605,Kaemi,2006-07-24 18:00:00,22.869882479199354,121.2164115911009,33.0,975.0,2,40.0,2
2006,0606,Prapiroon,2006-08-03 12:00:00,21.470680902175648,111.34397864673652,33.0,975.0,2,33.0,2
2006,0608,Saomai,2006-08-10 12:00:00,27.135849088905424,120.38490546656746,45.0,950.0,2,60.0,3
2007,0703,Toraji,2007-07-04 06:00:00,18.670254295659298,110.34324856811357,15.0,998.0,0,23.0,1
2007,0707,Pabuk,2007-08-10 12:00:00,22.351005724125557,113.59597710349777,15.0,992.0,0,30.0,1
2007,0709,Sepat,2007-08-18 00:00:00,23.226790712532644,121.40736044840077,45.0,950.0,2,65.0,3
2007,0713,Wipha,2007-09-19 00:00:00,27.231245581923464,120.53125568038412,30.0,980.0,1,55.0,3
2007,0714,Francisco,2007-09-24 06:00:00,19.759746757573073,111.00253242426926,20.0,992.0,1,20.0,1
2007,0716,Krosa,2007-10-07 12:00:00,27.122687997418694,120.42184960206504,28.0,985.0,1,55.0,3
2008,0801,Neoguri,2008-04-19 12:00:00,21.802507566011663,112.1683383773411,15.0,998.0,0,40.0,2
2008,0806,Fengshen,2008-06-25 00:00:00,22.148499935197663,114.44431252430087,23.0,990.0,1,45.0,2
2008,0807,Kalmaegi,2008-07-17 18:00:00,24.41347722104385,121.78652277895615,28.0,980.0,1,33.0,2
2008,0808,Fung-wong,2008-07-28 00:00:00,23.48753595259904,121.50618408690177,40.0,960.0,2,45.0,2
2008,0809,Kammuri,2008-08-06 12:00:00,21.56455302653455,111.86585230099088,23.0,985.0,1,25.0,1
2008,0812,Nuri,2008-08-22 12:00:00,22.14849938403939,114.38120049276849,28.0,980.0,1,40.0,2
2008,0813,Sinlaku,2008-09-13 18:00:00,24.684400785471855,121.83119842905629,45.0,950.0,2,55.0,3
2008,0814,Hagupit,2008-09-24 00:00:00,21.41430753521853,111.26419297532125,45.0,950.0,2,50.0,2
2008,0815,Jangmi,2008-09-28 12:00:00,24.17969802774548,121.6541385926787,45.0,950.0,2,65.0,3
2008,0817,Higos,2008-10-03 18:00:00,19.60036053295493,110.95703984772716,16.0,1000.0,0,18.0,1
2009,0903,Linfa,2009-06-21 18:00:00,24.549359612246487,118.56401126239135,23.0,990.0,1,30.0,1
2009,0904,Nangka,2009-06-26 18:00:00,22.705304811908253,114.56763942006553,16.0,995.0,0,23.0,1
2009,0905,Soudelor,2009-07-12 00:00:00,20.257312328165227,110.32766758311878,18.0,994.0,1,18.0,1
2009,0906,Molave,2009-07-19 00:00:00,22.608098996799498,114.35950501600253,20.0,987.0,1,38.0,2
2009,0907,Goni,2009-08-07 00:00:00,20.87484545041142,110.17484545041142,25.0,972.0,1,28.0,1
2009,0908,Morakot,2009-08-07 18:00:00,23.93587525490346,121.6068745751609,38.0,960.0,2,40.0,2
2009,0913,Mujigae,2009-09-11 00:00:00,19.71074097357376,111.00666247567229,20.0,992.0,1,20.0,1
2009,0915,Koppu,2009-09-15 00:00:00,21.753883831798216,112.59223233640357,35.0,970.0,2,40.0,2
2009,0917,Parma,2009-10-12 06:00:00,19.099476658408843,110.56788779704603,23.0,992.0,1,55.0,3
2010,1002,Conson,2010-07-16 12:00:00,18.191498033152318,109.61190275358675,35.0,970.0,2,35.0,2
2010,1003,Chanthu,2010-07-22 06:00:00,21.258248804837653,110.65947009455763,35.0,970.0,2,35.0,2
2010,1006,Lionrock,2010-09-02 06:00:00,23.90309559717286,117.48761761130855,18.0,995.0,1,28.0,1
2010,1010,Meranti,2010-09-10 00:00:00,24.699426492679773,118.72737700133095,28.0,985.0,1,35.0,2
2010,1011,Fanapi,2010-09-19 06:00:00,23.628088907957075,121.52741337909698,40.0,960.0,2,52.0,3
2010,1013,Megi,2010-10-23 12:00:00,24.020056351083404,117.70501408777085,23.0,990.0,1,72.0,3
2011,1103,Sarika,2011-06-11 00:00:00,23.558578564668405,116.9,18.0,996.0,1,20.0,1
2011,1104,Haima,2011-06-23 12:00:00,21.21707401655772,110.62683307450975,18.0,988.0,1,20.0,1
2011,1108,Nock-ten,2011-07-29 12:00:00,19.49018033561873,110.80815923287147,25.0,985.0,1,28.0,1
2011,1109,Muifa,2011-08-08 18:00:00,40.4565557106285,124.9426970119896,15.0,995.0,0,65.0,3
2011,1111,Nanmadol,2011-08-29 00:00:00,22.26141248771656,120.88470536591674,30.0,980.0,1,60.0,3
2011,1119,Nalgae,2011-10-04 06:00:00,18.634406408235304,110.2311871835294,23.0,990.0,1,50.0,2
2012,1206,Doksuri,2012-06-30 00:00:00,21.99943678364183,113.00140804089543,12.0,1000.0,0,23.0,1
2012,1208,Vicente,2012-07-24 00:00:00,21.897427430005827,112.98975689570513,38.0,970.0,2,45.0,2
2012,1209,Saola,2012-08-03 00:00:00,26.92611309437122,120.23694345281439,25.0,985.0,1,40.0,2
2012,1210,Damrey,2012-08-02 18:00:00,34.66292577656554,119.47975978202061,30.0,985.0,1,40.0,2
2012,1211,Haikui,2012-08-08 00:00:00,29.219482651079094,121.52882775827345,35.0,975.0,2,45.0,2
2012,1213,Kai-tak,2012-08-17 06:00:00,20.950615845231265,110.1633821587666,35.0,970.0,2,38.0,2
2012,1215,Bolaven,2012-08-28 18:00:00,40.635184117994314,125.39524645113087,23.0,980.0,1,55.0,3
2012,1216,Sanba,2012-09-18 06:00:00,45.09948724528176,133.06632483018782,18.0,994.0,1,65.0,3
2013,1305,Bebinca,2013-06-22 06:00:00,19.167473096011765,110.58615583604119,23.0,988.0,1,23.0,1
2013,1306,Rumbia,2013-07-02 00:00:00,20.988599632961748,110.35997532115847,25.0,980.0,1,30.0,1
2013,1307,Soulik,2013-07-13 12:00:00,25.94459845816664,119.6878107928335,28.0,985.0,1,55.0,3
2013,1308,Cimaron,2013-07-18 18:00:00,24.17750571610684,117.98437261828882,16.0,1002.0,0,23.0,1
2013,1309,Jebi,2013-08-02 12:00:00,19.53578445434001,110.880637100226,28.0,982.0,1,30.0,1
2013,1311,Utor,2013-08-14 12:00:00,21.58001179970931,111.87998230043603,35.0,970.0,2,60.0,3
2013,1312,Trami,2013-08-22 00:00:00,25.724263049261744,119.60294780295303,25.0,977.0,1,35.0,2
2013,1319,Usagi,2013-09-22 12:00:00,22.742084843221004,115.6027030487265,45.0,935.0,2,60.0,3
2013,1323,Fitow,2013-10-06 18:00:00,27.086036963368084,120.27446952870356,42.0,965.0,2,45.0,2
2013,1330,Haiyan,2013-11-11 06:00:00,21.670117841390866,107.35258838104315,20.0,995.0,1,78.0,3
2014,1407,Hagibis,2014-06-15 12:00:00,23.16347284507867,116.55461086196853,18.0,994.0,1,23.0,1
2014,1409,Rammasun,2014-07-18 12:00:00,20.141613856524152,110.69596535868962,60.0,910.0,3,72.0,3
2014,1410,Matmo,2014-07-22 18:00:00,23.060876904945445,121.33912309505456,40.0,960.0,2,42.0,2
2014,1415,Kalmaegi,2014-09-17 06:00:00,22.6049721895877,103.53756952603075,15.0,998.0,0,42.0,2
2014,1416,Fung-wong,2014-09-22 18:00:00,29.217279687959017,121.96090677068032,23.0,990.0,1,28.0,1
2015,1508,Kujira,2015-06-22 12:00:00,18.78325409972008,110.51674590027993,23.0,988.0,1,25.0,1
2015,1510,Linfa,2015-07-09 06:00:00,22.831093447040224,116.11343931775865,33.0,970.0,2,42.0,2
2015,1513,Soudelor,2015-08-08 00:00:00,23.749328208762414,121.56410761598931,42.0,955.0,2,68.0,3
2015,1515,Goni,2015-08-27 06:00:00,44.43634411262379,131.18189237202958,15.0,1000.0,0,55.0,3
2015,1521,Dujuan,2015-09-28 12:00:00,24.0,121.63406372070312,40.0,960.0,2,58.0,3
2015,1522,Mujigae,2015-10-04 12:00:00,21.17335789586798,110.4056827053126,33.0,975.0,2,52.0,3
2016,1601,NEPARTAK,2016-07-08 00:00:00,22.551450742239975,120.96702091768013,45.0,950.0,2,72.0,3
2016,1603,MIRINAE,2016-07-26 18:00:00,18.772743532483474,110.49079527261569,23.0,992.0,1,30.0,1
2016,1604,NIDA,2016-08-02 00:00:00,22.508867811214877,114.61896266074793,25.0,982.0,1,38.0,2
2016,1608,DIANMU,2016-08-20 00:00:00,22.43403980535535,101.98723737921136,10.0,998.0,0,23.0,1
2016,1614,MERANTI,2016-09-15 00:00:00,24.505872880087157,118.19412711991285,25.0,990.0,1,75.0,3
2016,1617,MEGI,2016-09-27 06:00:00,23.98761123143453,121.62340100729033,45.0,950.0,2,52.0,3
2016,1621,SARIKA,2016-10-18 06:00:00,18.77211139296795,110.4901994926577,33.0,975.0,2,55.0,3
2016,1622,HAIMA,2016-10-21 06:00:00,22.828905899101013,115.18554705044949,35.0,970.0,2,68.0,3
2017,1702,MERBOK,2017-06-12 15:00:00,22.148500421517184,114.5,25.0,988.0,1,30.0,1
2017,1707,ROKE,2017-07-23 06:00:00,22.381345292490906,114.49495515315911,15.0,1000.0,0,20.0,1
2017,1709,NESAT,2017-07-29 12:00:00,24.66390584537076,121.83158238530058,38.0,965.0,2,40.0,2
2017,1710,HAITANG,2017-07-31 00:00:00,25.384249997928443,119.65260000165725,23.0,988.0,1,23.0,1
2017,1713,HATO,2017-08-23 06:00:00,21.99255948717032,113.22232153848906,42.0,955.0,2,52.0,3
2017,1714,PAKHAR,2017-08-27 06:00:00,21.99179439663955,113.2164112067209,20.0,992.0,1,30.0,1
2017,1716,MAWAR,2017-09-03 18:00:00,22.76444211967167,115.83689260852532,15.0,1000.0,0,25.0,1
2018,1804,EWINIAR,2018-06-06 00:00:00,20.57325353080814,110.41976059242442,20.0,992.0,1,23.0,1
2018,1808,MARIA,2018-07-11 03:00:00,26.36684029783142,119.86840297831421,30.0,975.0,1,58.0,3
2018,1809,SON-TINH,2018-07-17 21:00:00,18.813629364649906,110.52266428184916,23.0,988.0,1,23.0,1
2018,1810,AMPIL,2018-07-22 06:00:00,31.69728961523114,121.80271038476886,25.0,982.0,1,28.0,1
2018,1812,JONGDARI,2018-08-03 06:00:00,30.70543663299516,121.29456336700484,20.0,990.0,1,42.0,2
2018,1814,YAGI,2018-08-12 18:00:00,28.26249757001359,121.42857420569875,20.0,990.0,1,28.0,1
2018,1816,BEBINCA,2018-08-15 15:00:00,20.736663326312506,110.38331663156252,20.0,990.0,1,28.0,1
2018,1818,RUMBIA,2018-08-16 21:00:00,30.845948129243695,121.70486224490757,23.0,982.0,1,25.0,1
2018,1822,MANGKHUT,2018-09-16 09:00:00,21.83993222695584,112.6501694326104,42.0,960.0,2,65.0,3
2018,1823,BARIJAT,2018-09-13 03:00:00,21.247049376350148,110.63532718277447,20.0,998.0,1,25.0,1
2019,1904,MUN,2019-07-02 18:00:00,18.9,110.51403892103764,18.0,992.0,1,18.0,1
2019,1907,WIPHA,2019-07-31 21:00:00,19.889358683630075,110.97871736726015,23.0,982.0,1,23.0,1
2019,1909,LEKIMA,2019-08-09 18:00:00,28.26237179189851,121.42822115607612,52.0,930.0,3,62.0,3
2019,1911,BAILU,2019-08-25 03:00:00,23.72073969692277,117.27096442430812,18.0,995.0,1,30.0,1
2019,1913,LINGLING,2019-09-07 18:00:00,41.32896747899809,126.41738048739886,20.0,985.0,1,55.0,3
2019,1914,KAJIKI,2019-09-02 03:00:00,18.8,110.52802547162314,18.0,995.0,1,18.0,1
2020,2002,Nuri,2020-06-14 03:00:00,21.64171112502943,112.01657774994113,18.0,995.0,1,20.0,1
2020,2003,Sinlaku,2020-08-01 00:00:00,18.78325409972008,110.51674590027993,13.0,995.0,0,18.0,1
2020,2004,Hagupit,2020-08-03 21:00:00,28.010618689282076,120.97362878643075,38.0,970.0,2,42.0,2
2020,2006,Mekkhala,2020-08-11 00:00:00,24.00876857709849,117.8304104743005,38.0,975.0,2,38.0,2
2020,2007,Higos,2020-08-19 00:00:00,22.0511105166685,113.29851931110866,30.0,980.0,1,35.0,2
2020,2008,Bavi,2020-08-27 06:00:00,40.464458494951096,125.03718893198696,20.0,990.0,1,45.0,2
2020,2009,Maysak,2020-09-03 06:00:00,42.01459142029423,128.9142347632843,23.0,975.0,1,52.0,3
2020,2010,Haishen,2020-09-07 18:00:00,42.00029978818649,128.49595203389018,20.0,990.0,1,60.0,3
2020,2016,Nangka,2020-10-13 12:00:00,19.153659439557284,110.57723426740452,25.0,988.0,1,25.0,1
2021,2104,Koguma,2021-06-12 03:00:00,18.4237672727462,110.07029090906724,18.0,995.0,1,20.0,1
2021,2106,In-fa,2021-07-26 03:00:00,30.626614635486895,121.14677072902622,25.0,978.0,1,42.0,2
2021,2107,Cempaka,2021-07-20 15:00:00,21.748946776457174,112.00210644708565,28.0,982.0,1,38.0,2
2021,2109,Lupit,2021-08-05 09:00:00,23.578316864854322,117.33495059456297,20.0,986.0,1,23.0,1
2021,2117,Lionrock,2021-10-08 15:00:00,19.195754575352325,110.60424542464767,20.0,990.0,1,20.0,1
2021,2118,Kompasu,2021-10-13 09:00:00,19.05646385742396,110.5646385742396,25.0,982.0,1,33.0,2
2022,2203,Chaba,2022-07-02 09:00:00,21.452327621276332,111.04767237872368,30.0,970.0,1,38.0,2
2022,2209,Ma-on,2022-08-25 03:00:00,21.4858036334343,111.35987491319199,30.0,982.0,1,35.0,2
2022,2212,Muifa,2022-09-14 18:00:00,30.845796935648192,121.70240175105818,33.0,975.0,2,50.0,2
2022,2222,Nalgae,2022-11-02 21:00:00,22.247008305232846,113.58831949127858,15.0,1002.0,0,33.0,2
2023,2304,TALIM,2023-07-17 15:00:00,21.10709148142086,110.349640369946,33.0,970.0,2,40.0,2
2023,2305,DOKSURI,2023-07-28 03:00:00,24.551281531962086,118.63076942551422,38.0,965.0,2,62.0,3
2023,2309,SAOLA,2023-09-02 06:00:00,21.759027816280867,112.02291655115741,25.0,990.0,1,62.0,3
2023,2311,HAIKUI,2023-09-03 09:00:00,22.9,121.25133086642929,42.0,955.0,2,48.0,2
2023,2316,SANBA,2023-10-20 03:00:00,21.15605895912671,109.7,20.0,998.0,1,25.0,1
2024,2402,MALIKSI,2024-05-31 18:00:00,21.522660916702527,111.58066522917562,18.0,998.0,1,18.0,1
2024,2403,GAEMI,2024-07-24 18:00:00,24.307520868437635,121.76165275437492,45.0,950.0,2,55.0,3
2024,2404,PRAPIROON,2024-07-21 18:00:00,18.65996300077941,110.31202959937647,28.0,985.0,1,30.0,1
2024,2411,YAGI,2024-09-06 09:00:00,19.759491667817066,111.00254166091467,60.0,920.0,3,62.0,3
2024,2413,BEBINCA,2024-09-16 00:00:00,30.87500031983488,121.88749888057792,42.0,965.0,2,42.0,2
2024,2414,PULASAN,2024-09-19 15:00:00,30.871350715138227,121.88581160607721,23.0,995.0,1,23.0,1
2024,2418,KRATHON,2024-10-03 06:00:00,22.529976725011657,120.32997672501166,38.0,965.0,2,60.0,3
2024,2421,KONG-REY,2024-10-31 06:00:00,23.044672373835976,121.33457976635252,48.0,945.0,2,60.0,3
