year,chinese_code,name,landfall_time,landfall_lat,landfall_lon,landfall_wind_speed,landfall_pressure,landfall_wind_category,max_wind,max_wind_category,landfall_date,month,date,RMM1,RMM2,phase,amplitude,formation_region,typhoon_category,landfall_region
1960,6001,Mary,1960-06-08 18:00:00,22.148899595115317,113.88667469633648,35.0,970.0,2,45.0,2,1960-06-08,6,1960-06-08,-1.097345743710532,-0.1567091619864691,1.0,1.1084788868941629,South China Sea,TCs,south China
1960,6007,Shirley,1960-07-31 18:00:00,24.672577481655946,121.8306525428028,50.0,950.0,2,70.0,3,1960-07-31,7,1960-07-31,1.1835569944040565,0.0548176186127554,5.0,1.1848257805741471,South WNP,TCs,east/north China
1960,6024,Kit,1960-10-11 12:00:00,19.48909434220125,110.80788679846958,35.0,980.0,2,50.0,2,1960-10-11,10,1960-10-11,0.399086683009152,1.3972304984738533,6.0,1.4531081330791389,Open WNP,TCs,south China
1961,6109,Doris,1961-07-02 00:00:00,23.42186347521636,116.83360239358773,20.0,986.0,1,20.0,1,1961-07-02,7,1961-07-02,1.1079985251835696,1.1867237146607532,6.0,1.623568263654837,North WNP,Storms,south China
1961,6110,Elsie,1961-07-15 00:00:00,23.22073258343865,116.67743595796472,15.0,992.0,0,50.0,2,1961-07-15,7,1961-07-15,-1.2705125610378658,0.0844401494902444,8.0,1.2733154780339913,Open WNP,TCs,south China
1962,6205,Kate,1962-07-22 18:00:00,22.71780396407678,121.1098169970064,30.0,970.0,1,40.0,2,1962-07-22,7,1962-07-22,-0.4593595654814593,1.0783036597461173,7.0,1.172070813995974,South WNP,TCs,south China
1962,6217,Dinah,1962-10-03 18:00:00,22.89362321269064,116.19429941167388,20.0,985.0,1,50.0,2,1962-10-03,10,1962-10-03,-0.8691664280945522,0.904877724719841,7.0,1.2546927816883298,Open WNP,TCs,south China
1963,6304,Trix,1963-07-01 00:00:00,23.224492621791704,116.79734778653751,30.0,985.0,1,35.0,2,1963-07-01,7,1963-07-01,0.4269490130990249,1.1658960214479657,6.0,1.2416114499369062,Open WNP,TCs,south China
1963,6307,Agnes,1963-07-22 18:00:00,21.35167571630557,110.71578356031937,20.0,989.0,1,35.0,2,1963-07-22,7,1963-07-22,-0.5902948595534879,-1.2215319940301788,2.0,1.3566828788094203,Open WNP,TCs,south China
1963,6311,Faye,1963-09-07 18:00:00,20.052442873532318,110.7335500573631,35.0,968.0,2,55.0,3,1963-09-07,9,1963-09-07,0.684038894881141,0.9092979218310848,6.0,1.1378628741445702,Open WNP,TCs,south China
1963,6312,Gloria,1963-09-12 18:00:00,26.3,119.79032815922936,30.0,985.0,1,70.0,3,1963-09-12,9,1963-09-12,-0.0401796170059878,1.065072306431812,7.0,1.065829920555211,Open WNP,TCs,east/north China
1964,6410,Helen,1964-08-03 18:00:00,39.44769034669618,122.51743655110128,20.0,995.0,1,75.0,3,1964-08-03,8,1964-08-03,1.172429561061904,-0.4614379610015873,4.0,1.2599666930141888,Open WNP,TCs,east/north China
1964,6411,Ida,1964-08-08 18:00:00,22.159499438468288,113.48265072999122,30.0,972.0,1,85.0,3,1964-08-08,8,1964-08-08,1.4246948207688217,-0.0479897479525264,4.0,1.4255028404861392,Open WNP,TCs,south China
1964,6415,Ruby,1964-09-05 12:00:00,22.217023500132623,113.54644908304596,25.0,980.0,1,45.0,2,1964-09-05,9,1964-09-05,-0.8012059565940257,-1.6983099571928577,2.0,1.877814606286295,North WNP,TCs,south China
1964,6416,Sally,1964-09-10 18:00:00,22.653419400830675,114.59026517676251,15.0,988.0,0,100.0,3,1964-09-10,9,1964-09-10,0.5521220576982697,-1.3726922756319162,3.0,1.4795684675527865,Open WNP,TCs,south China
1964,6423,Dot,1964-10-13 06:00:00,22.757979819720543,114.62872360358554,20.0,990.0,1,45.0,2,1964-10-13,10,1964-10-13,-0.9379769214238014,1.0482754381599655,7.0,1.4066563543997304,Open WNP,TCs,south China
1965,6505,Babe,1965-06-05 06:00:00,23.54938470041458,120.14200110538955,,1002.0,0,35.0,2,1965-06-05,6,1965-06-05,0.6776691532042367,0.7515623599633504,6.0,1.0119691013653669,South China Sea,TCs,south China
1965,6508,Freda,1965-07-15 18:00:00,21.55174097356437,108.29602063185288,20.0,990.0,1,75.0,3,1965-07-15,7,1965-07-15,1.425010142680462,0.379055949609875,5.0,1.474563433588679,Open WNP,TCs,south China
1965,6509,Gilda,1965-07-23 06:00:00,21.614432455897006,111.985567544103,20.0,990.0,1,25.0,1,1965-07-23,7,1965-07-23,-0.3559917144130936,1.897094667363439,7.0,1.930206796607444,Open WNP,Storms,south China
1965,6510,Harriet,1965-07-28 06:00:00,36.72229063472514,121.3478796271762,15.0,997.0,0,45.0,2,1965-07-28,7,1965-07-28,-0.7837674620107992,1.1112519685291358,7.0,1.3598427747599091,Open WNP,TCs,east/north China
1965,6512,Jean,1965-08-07 18:00:00,46.63304616444147,134.0,20.0,985.0,1,65.0,3,1965-08-07,8,1965-08-07,-2.0223576081479577,-0.8854434473852156,1.0,2.207700249977642,Open WNP,TCs,east/north China
1965,6521,Agnes,1965-09-27 18:00:00,21.575130575465582,111.87460827360324,15.0,995.0,0,30.0,1,1965-09-27,9,1965-09-27,-1.2524308325559703,0.0310213616351106,8.0,1.25281495649379,South China Sea,Storms,south China
1966,6606,Mamie,1966-07-17 18:00:00,21.829847940625445,112.65851700187348,15.0,1000.0,0,35.0,2,1966-07-17,7,1966-07-17,1.0506527026532335,0.1689865211260585,5.0,1.0641557902463492,South WNP,TCs,south China
1966,6611,Tess,1966-08-17 00:00:00,26.35479399095353,119.90639198793804,20.0,985.0,1,45.0,2,1966-08-17,8,1966-08-17,0.3505241148100048,-1.2227845923660028,3.0,1.2720335350890042,North WNP,TCs,east/north China
1966,6612,Winnie,1966-08-26 06:00:00,39.60149575601853,122.8370325762442,12.0,1002.0,0,35.0,2,1966-08-26,8,1966-08-26,0.9823304466272408,-0.4724509882676253,4.0,1.09003809230959,North WNP,TCs,east/north China
1966,6614,Alice,1966-09-03 12:00:00,26.4986606420827,119.7825883470751,12.0,990.0,0,60.0,3,1966-09-03,9,1966-09-03,0.977569325885196,0.443567365302668,5.0,1.0734960616943068,Open WNP,TCs,east/north China
1967,6702,Anita,1967-06-30 06:00:00,23.006222089397696,116.54844447765058,30.0,980.0,1,45.0,2,1967-06-30,6,1967-06-30,1.3501059087803342,0.4096111460972907,5.0,1.4108746421743883,Open WNP,TCs,south China
1967,6705,Dot,1967-07-30 00:00:00,40.73726043418633,122.0550685866087,10.0,1000.0,0,35.0,2,1967-07-30,7,1967-07-30,1.4532695972309402,0.8503268198724729,5.0,1.6837601440912575,North WNP,TCs,east/north China
1967,6706,Fran,1967-08-02 18:00:00,21.43383958178921,111.0112798605964,25.0,975.0,1,35.0,2,1967-08-02,8,1967-08-02,1.331162958436693,0.9380730218680124,5.0,1.628488813676813,South China Sea,TCs,south China
1967,6708,(nameless),1967-07-31 06:00:00,25.445765548469677,119.62540670918196,20.0,992.0,1,20.0,1,1967-07-31,7,1967-07-31,1.509328242133901,0.6382195989070057,5.0,1.6387177911196398,North WNP,Storms,east/north China
1967,6711,Kate,1967-08-21 18:00:00,22.09779749462521,113.00220250537478,15.0,986.0,0,35.0,2,1967-08-21,8,1967-08-21,0.8568631496864975,-0.5157349739385576,4.0,1.0000985054653715,South WNP,TCs,south China
1967,6714,Nora,1967-08-29 18:00:00,24.115608094521107,121.63293929109167,30.0,985.0,1,35.0,2,1967-08-29,8,1967-08-29,0.7953276897899503,0.90185142242808,6.0,1.2024483865356428,Open WNP,TCs,east/north China
1967,6715,Patsy,1967-09-06 00:00:00,19.18246533425791,110.58958401109491,15.0,993.0,0,25.0,1,1967-09-06,9,1967-09-06,-0.8004975256653825,1.2429837227418024,7.0,1.4784467604880027,North WNP,Storms,south China
1968,6803,Nadine,1968-07-28 12:00:00,23.045310966251684,120.07551827708612,15.0,994.0,0,35.0,2,1968-07-28,7,1968-07-28,1.6780720802533031,0.8765340374718936,5.0,1.89320834177658,South WNP,TCs,south China
1968,6807,Polly,1968-08-18 00:00:00,47.1608759115805,134.2225985414712,10.0,1000.0,0,40.0,2,1968-08-18,8,1968-08-18,0.8841699657336801,1.0751468265957314,6.0,1.3920119349504043,Open WNP,TCs,east/north China
1968,6806,Rose,1968-08-12 12:00:00,18.89016174506204,110.49290201316788,30.0,975.0,1,35.0,2,1968-08-12,8,1968-08-12,1.3957964587627332,0.5281499882470904,5.0,1.4923773532119775,Open WNP,TCs,south China
1968,6808,Shirley,1968-08-21 12:00:00,22.148500442504883,114.22985676356724,35.0,965.0,2,40.0,2,1968-08-21,8,1968-08-21,0.6819058532803777,1.2239827248189723,6.0,1.401117162621783,Open WNP,TCs,south China
1969,6903,Viola,1969-07-28 06:00:00,22.846890919130107,116.14237660186406,40.0,950.0,2,75.0,3,1969-07-28,7,1969-07-28,0.1503442804430866,1.0218272483744872,6.0,1.0328283149597155,Open WNP,TCs,south China
1969,6906,Betty,1969-08-08 12:00:00,26.286518774647288,119.74044367605816,35.0,970.0,2,40.0,2,1969-08-08,8,1969-08-08,-1.6019422800674648,-0.5325567217197213,1.0,1.688145648490261,Open WNP,TCs,east/north China
1969,6909,(nameless),1969-09-10 00:00:00,22.70005826831772,120.25001456707945,20.0,993.0,1,25.0,1,1969-09-10,9,1969-09-10,1.8491852947111789,1.503459478097149,5.0,2.3832491805214624,South China Sea,Storms,south China
1969,6911,Elsie,1969-09-27 12:00:00,24.62256808393399,118.42778213141123,15.0,990.0,0,85.0,3,1969-09-27,9,1969-09-27,-0.2059215405351657,1.5123884056760897,7.0,1.5263428089652205,Open WNP,TCs,east/north China
1970,7004,(nameless),1970-08-03 00:00:00,22.64290195548448,114.58561569793416,15.0,995.0,0,25.0,1,1970-08-03,8,1970-08-03,-0.8567727114556175,-1.8161573213287767,2.0,2.008105299756745,North WNP,Storms,south China
1970,7008,Billie,1970-09-01 00:00:00,42.433335718635455,130.57544022854006,15.0,995.0,0,55.0,3,1970-09-01,9,1970-09-01,-1.3333353010730362,0.4357387331778286,8.0,1.402729934334811,South WNP,TCs,east/north China
1970,7013,Joan,1970-10-17 00:00:00,19.419217907407457,110.74136866203696,50.0,965.0,2,75.0,3,1970-10-17,10,1970-10-17,1.3157284424612272,0.5249358960472057,5.0,1.4165800468947491,Open WNP,TCs,south China
1971,7114,Lucy,1971-07-22 06:00:00,22.49089734917031,114.5795836151965,30.0,970.0,1,60.0,3,1971-07-22,7,1971-07-22,-0.4680974938934273,1.0041671856317895,7.0,1.1079110977370776,Open WNP,TCs,south China
1971,7115,Nadine,1971-07-26 12:00:00,24.551093692287672,118.62226576928082,12.0,980.0,0,70.0,3,1971-07-26,7,1971-07-26,-1.6364047668656214,0.7542071524992792,8.0,1.8018459950566248,Open WNP,TCs,east/north China
1971,7118,Rose,1971-08-17 00:00:00,22.75594668233086,113.55423407059314,30.0,988.0,1,60.0,3,1971-08-17,8,1971-08-17,0.1389892429073878,-1.847039460191146,3.0,1.8522615304397945,Open WNP,TCs,south China
1971,7123,Bess,1971-09-22 18:00:00,24.70739081173209,121.82967526773676,40.0,950.0,2,65.0,3,1971-09-22,9,1971-09-22,1.295751941712339,-0.454176476909218,4.0,1.3730438327413177,Open WNP,TCs,east/north China
1971,7125,Della,1971-09-29 12:00:00,18.999209365954016,110.51810247828963,20.0,985.0,1,35.0,2,1971-09-29,9,1971-09-29,1.4087496203564904,0.1199344356363786,5.0,1.41384573476245,South WNP,TCs,south China
1972,7202,Ora,1972-06-27 06:00:00,21.46157944147088,111.13152616755872,15.0,997.0,0,40.0,2,1972-06-27,6,1972-06-27,1.8801722266594316,-0.5049147366411906,4.0,1.9467887643961088,South WNP,TCs,south China
1972,7203,Rita,1972-07-27 00:00:00,38.89114157617053,117.65059320510088,15.0,980.0,0,65.0,3,1972-07-27,7,1972-07-27,0.67722677038274,1.114693473151485,6.0,1.304292006266065,Open WNP,TCs,east/north China
1972,7204,Susan,1972-07-15 06:00:00,25.008500638636185,118.99666605844172,10.0,992.0,0,45.0,2,1972-07-15,7,1972-07-15,0.7391411629569427,1.3367369292440714,6.0,1.5274800413695138,South WNP,TCs,east/north China
1972,7207,Winnie,1972-08-01 18:00:00,27.368418351879505,120.5513201781958,30.0,990.0,1,30.0,1,1972-08-01,8,1972-08-01,0.1482593698438703,1.3008540307811374,6.0,1.3092753912550383,North WNP,Storms,east/north China
1973,7301,Wilda,1973-07-03 12:00:00,24.55542886528884,118.2184762884296,25.0,988.0,1,35.0,2,1973-07-03,7,1973-07-03,1.05291331280482,-0.742741660126511,4.0,1.2885230374227332,South WNP,TCs,east/north China
1973,7303,Billie,1973-07-19 12:00:00,36.71333437136289,121.31128173188834,12.0,984.0,0,65.0,3,1973-07-19,7,1973-07-19,-0.8092247344430654,1.3225507127722187,7.0,1.5504789771837455,South WNP,TCs,east/north China
1973,7304,Dot,1973-07-17 00:00:00,22.148498913192725,114.32728478273664,25.0,980.0,1,35.0,2,1973-07-17,7,1973-07-17,-0.0013031590176801,1.6959484531985098,7.0,1.695948953869144,South China Sea,TCs,south China
1973,7311,Kate,1973-08-24 18:00:00,19.631323211905027,110.97952277321367,30.0,972.0,1,30.0,1,1973-08-24,8,1973-08-24,1.9320521281848964,0.8487793451612324,5.0,2.11027292140048,South WNP,Storms,south China
1973,7314,Marge,1973-09-14 00:00:00,19.14157897147882,110.57631542781772,40.0,975.0,2,60.0,3,1973-09-14,9,1973-09-14,0.8542494453784693,-0.5723221331088089,4.0,1.0282483838915768,South WNP,TCs,south China
1973,7318,Ruth,1973-10-18 12:00:00,18.181481218537517,109.61851878146248,35.0,973.0,2,40.0,2,1973-10-18,10,1973-10-18,-1.5968902620004188,-0.7249012729394061,1.0,1.753721860609868,Open WNP,TCs,south China
1974,7405,(nameless),1974-06-08 06:00:00,21.521143398554194,111.65022180112452,15.0,995.0,0,25.0,1,1974-06-08,6,1974-06-08,0.6191571850944585,1.579334314552475,6.0,1.696364494139461,South China Sea,Storms,south China
1974,7411,Ivy,1974-07-22 12:00:00,21.4998380347765,111.48764171957058,40.0,970.0,2,60.0,3,1974-07-22,7,1974-07-22,-0.3351281645573423,-1.2116510832077672,2.0,1.2571432830501577,South WNP,TCs,south China
1974,7419,(nameless),1974-09-06 12:00:00,21.43522666556953,111.2931733179734,20.0,987.0,1,25.0,1,1974-09-06,9,1974-09-06,-0.7250941889804013,-1.040153219905135,2.0,1.2679433361835089,North WNP,Storms,south China
1974,7421,Bess,1974-10-13 18:00:00,19.39767592932568,110.68605557595409,20.0,995.0,1,40.0,2,1974-10-13,10,1974-10-13,1.8223866500320764,0.1651152536741748,5.0,1.829851400855004,South WNP,TCs,south China
1975,7503,Nina,1975-08-03 06:00:00,23.83288267323534,121.57988085823509,45.0,950.0,2,65.0,3,1975-08-03,8,1975-08-03,0.9559260432585048,0.4120540203349717,5.0,1.040952984458988,South WNP,TCs,south China
1975,7513,Doris,1975-10-05 18:00:00,21.79374599592469,112.4979153319749,35.0,970.0,2,35.0,2,1975-10-05,10,1975-10-05,1.9080714737316715,0.8443162565460661,5.0,2.086529820044879,South China Sea,TCs,south China
1975,7515,Flossie,1975-10-23 06:00:00,21.45553737763656,111.0592834964846,30.0,980.0,1,35.0,2,1975-10-23,10,1975-10-23,1.876317541216512,0.7423244682393427,5.0,2.017823860405957,South WNP,TCs,south China
1976,7613,Billie,1976-08-09 18:00:00,24.77917763774834,121.8123354337749,45.0,955.0,2,60.0,3,1976-08-09,8,1976-08-09,-0.3670710081344984,1.0852019140522249,7.0,1.14560216448621,Open WNP,TCs,east/north China
1976,7614,Clara,1976-08-06 18:00:00,21.84646819021708,112.65776998152242,20.0,990.0,1,35.0,2,1976-08-06,8,1976-08-06,0.7749666145346518,0.896156323378665,6.0,1.1847655504676298,North WNP,TCs,south China
1976,7616,Ellen,1976-08-24 06:00:00,22.65881164235759,114.94514954978378,20.0,993.0,1,30.0,1,1976-08-24,8,1976-08-24,0.1860488833548786,-1.0386924182571111,3.0,1.0552232591932398,South WNP,Storms,south China
1976,7619,Iris,1976-09-20 06:00:00,21.294337019555275,110.67168509777638,30.0,980.0,1,35.0,2,1976-09-20,9,1976-09-20,-1.533100681568971,2.5471380438768088,7.0,2.972929517225697,South China Sea,TCs,south China
1977,7701,Ruth,1977-06-17 00:00:00,25.518208488436382,119.45516396127032,15.0,998.0,0,30.0,1,1977-06-17,6,1977-06-17,0.4746143858957272,-0.9076059109201788,3.0,1.024210576413086,South WNP,Storms,east/north China
1977,7702,(nameless),1977-07-06 06:00:00,21.38570306593479,110.84524744505434,12.0,998.0,0,20.0,1,1977-07-06,7,1977-07-06,0.988943340081431,-1.2036862643140565,3.0,1.5578413118125176,South China Sea,Storms,south China
1977,7708,Babe,1977-09-11 06:00:00,31.69547701983003,121.56381615864024,25.0,980.0,1,70.0,3,1977-09-11,9,1977-09-11,0.3504163875035847,1.706497199923651,6.0,1.7421034234448665,Open WNP,TCs,east/north China
1977,7712,Freda,1977-09-25 00:00:00,21.58768842573971,111.68216083366852,20.0,997.0,1,30.0,1,1977-09-25,9,1977-09-25,-2.062410250343942,-0.4112469876919953,1.0,2.1030121553641816,South WNP,Storms,south China
1978,7807,Agnes,1978-07-30 00:00:00,22.602431622952423,114.8674772076508,20.0,985.0,1,40.0,2,1978-07-30,7,1978-07-30,1.4619730423398674,-1.086974653000477,4.0,1.8217790954981328,South China Sea,TCs,south China
1978,7811,Della,1978-08-13 12:00:00,25.299047113384837,119.30952886615164,15.0,996.0,0,25.0,1,1978-08-13,8,1978-08-13,1.269237628337942,0.6222025749359194,5.0,1.413541722569876,South WNP,Storms,east/north China
1978,7812,Elaine,1978-08-27 12:00:00,21.205703879546896,110.5394660336312,30.0,970.0,1,35.0,2,1978-08-27,8,1978-08-27,0.4443986170135151,1.1228543613418287,6.0,1.207597634805522,South WNP,TCs,south China
1978,7818,Lola,1978-10-01 18:00:00,19.405662788139598,110.6957529088953,25.0,975.0,1,40.0,2,1978-10-01,10,1978-10-01,1.2938500127118224,1.4609125871756552,6.0,1.9514900570493947,South WNP,TCs,south China
1979,7908,Hope,1979-08-02 06:00:00,22.470574295698952,114.52559706630804,45.0,955.0,2,70.0,3,1979-08-02,8,1979-08-02,1.838783620137847,-0.1875748194349335,4.0,1.8483261385841223,Open WNP,TCs,south China
1979,7913,Mac,1979-09-23 18:00:00,22.159253399280303,113.4814932014394,15.0,1000.0,0,30.0,1,1979-09-23,9,1979-09-23,1.9090914958085867,-0.72307522407681,4.0,2.0414377578173664,Open WNP,Storms,south China
1979,7914,Nancy,1979-09-19 18:00:00,18.9,110.51403892103764,20.0,994.0,1,20.0,1,1979-09-19,9,1979-09-19,0.0644961359973135,-1.1562242944137455,3.0,1.1580217487384024,South China Sea,Storms,south China
1980,8009,Kim,1980-07-27 12:00:00,22.8090479406105,115.93132267986434,25.0,993.0,1,60.0,3,1980-07-27,7,1980-07-27,-0.8192775414492373,-0.6213089518890725,1.0,1.0282220108617617,Open WNP,TCs,south China
1980,8012,Norris,1980-08-27 18:00:00,24.586314230302268,121.86947875151763,35.0,975.0,2,45.0,2,1980-08-27,8,1980-08-27,1.7448350199316551,0.3372401187369701,5.0,1.7771269353835208,Open WNP,TCs,east/north China
1980,8014,Ruth,1980-09-15 00:00:00,19.429512534515474,110.73768106016487,25.0,985.0,1,30.0,1,1980-09-15,9,1980-09-15,-0.232587953299814,1.6538726366654282,7.0,1.670147255283453,South China Sea,Storms,south China
1981,8103,Ike,1981-06-13 06:00:00,22.42989262139437,120.48690335925492,30.0,974.0,1,30.0,1,1981-06-13,6,1981-06-13,1.0195928679929585,1.0134425035588026,5.0,1.4375796758724853,South China Sea,Storms,south China
1981,8107,Maury,1981-07-20 06:00:00,25.8,119.61286755613555,15.0,994.0,0,30.0,1,1981-07-20,7,1981-07-20,-0.27017925608533,-1.2799551826213074,2.0,1.3081598143720692,South WNP,Storms,east/north China
1981,8108,(nameless),1981-07-23 06:00:00,28.147426155346302,121.04577215339611,20.0,996.0,1,25.0,1,1981-07-23,7,1981-07-23,0.1579815250955114,-1.0810160754557512,3.0,1.0924989325693906,North WNP,Storms,east/north China
1981,8111,Roy,1981-08-09 12:00:00,18.943111762875024,110.50859020279158,12.0,995.0,0,25.0,1,1981-08-09,8,1981-08-09,0.5778052709244091,2.332962292765525,6.0,2.403450018322371,South China Sea,Storms,south China
1981,8113,Warren,1981-08-19 00:00:00,18.67439318201156,110.32560681798844,20.0,990.0,1,25.0,1,1981-08-19,8,1981-08-19,-1.3010773055756448,0.1572704887750643,8.0,1.3105480386935564,South China Sea,Storms,south China
1981,8116,Clara,1981-09-22 00:00:00,22.793867301308147,115.87674596856104,25.0,985.0,1,60.0,3,1981-09-22,9,1981-09-22,1.9712373741686369,0.3687957392570554,5.0,2.0054393739560963,Open WNP,TCs,south China
1982,8208,Winona,1982-07-17 18:00:00,21.644864675132297,108.55279320388,12.0,998.0,0,25.0,1,1982-07-17,7,1982-07-17,0.5328700259557694,0.8563301473490157,6.0,1.0085890073865018,Open WNP,Storms,south China
1982,8213,Ellis,1982-08-28 06:00:00,42.64031673828788,130.33992081542803,20.0,980.0,1,65.0,3,1982-08-28,8,1982-08-28,0.4904038005246876,1.3019233300473043,6.0,1.391222572017332,Open WNP,TCs,east/north China
1982,8217,Irving,1982-09-15 00:00:00,20.15529513325347,110.68940973349304,35.0,965.0,2,40.0,2,1982-09-15,9,1982-09-15,-0.8412701623575047,0.915755865807208,7.0,1.2435209253701087,South WNP,TCs,south China
1983,8302,Tip,1983-07-13 06:00:00,19.800817572206917,110.99918242779307,15.0,994.0,0,30.0,1,1983-07-13,7,1983-07-13,0.991695112387618,-0.7804817501286379,4.0,1.261986908893017,South WNP,Storms,south China
1983,8303,Vera,1983-07-17 12:00:00,19.45776964695701,110.76892141217196,30.0,970.0,1,35.0,2,1983-07-17,7,1983-07-17,1.004471262707754,-0.9367388166946368,4.0,1.3734781135162577,Open WNP,TCs,south China
1983,8309,Ellen,1983-09-09 06:00:00,22.25058343687346,113.59244040223324,30.0,985.0,1,60.0,3,1983-09-09,9,1983-09-09,-0.6165396831870046,-1.255245273263775,2.0,1.3984855655298634,Open WNP,TCs,south China
1983,8311,Georgia,1983-09-30 06:00:00,19.579811859611382,110.92042331587436,25.0,985.0,1,30.0,1,1983-09-30,9,1983-09-30,1.5005881884169952,0.0650981529463096,5.0,1.5019995608300358,South China Sea,Storms,south China
1984,8402,Wynne,1984-06-25 12:00:00,21.44099170212465,111.31305808512744,30.0,970.0,1,30.0,1,1984-06-25,6,1984-06-25,0.4809576827271294,1.764388824223203,6.0,1.8287668565506063,North WNP,Storms,south China
1984,8403,Alex,1984-07-03 06:00:00,23.228791957660132,121.40890100529248,30.0,985.0,1,35.0,2,1984-07-03,7,1984-07-03,-0.4785064268619148,1.3563131851629933,7.0,1.43824679968187,South WNP,TCs,south China
1984,8404,Betty,1984-07-09 06:00:00,21.613286169952428,111.73837460129162,25.0,985.0,1,30.0,1,1984-07-09,7,1984-07-09,-1.0855684625951485,-0.3377210459048304,1.0,1.1368880295914134,South WNP,Storms,south China
1984,8406,Ed,1984-07-31 18:00:00,32.686550286769936,120.8985369981526,25.0,988.0,1,55.0,3,1984-07-31,7,1984-07-31,-0.9309532326606936,0.6143849229621465,8.0,1.115411473387556,North WNP,TCs,east/north China
1984,8407,Freda,1984-08-07 06:00:00,24.856512913756955,121.82615314682285,25.0,985.0,1,30.0,1,1984-08-07,8,1984-08-07,0.9981461074506116,1.1239444766871671,6.0,1.5031789110064038,South WNP,Storms,east/north China
1984,8408,Gerald,1984-08-21 06:00:00,22.148499103700637,114.34909946222038,15.0,990.0,0,30.0,1,1984-08-21,8,1984-08-21,0.7453919943167988,0.9326045547711452,6.0,1.1938846178636615,South China Sea,Storms,south China
1985,8503,(nameless),1985-06-20 00:00:00,18.605917272353555,110.1881654552929,10.0,996.0,0,20.0,1,1985-06-20,6,1985-06-20,1.7848785348007363,0.6036130851688729,5.0,1.8841815572230585,South China Sea,Storms,south China
1985,8504,Hal,1985-06-24 06:00:00,22.79367791113867,115.31329026110768,25.0,975.0,1,40.0,2,1985-06-24,6,1985-06-24,0.9356850151024182,1.6301731783464144,6.0,1.879619918730184,Open WNP,TCs,south China
1985,8521,Dot,1985-10-21 00:00:00,18.198981931538363,109.61018068461637,40.0,970.0,2,70.0,3,1985-10-21,10,1985-10-21,0.0043007234722657,1.7639046888582504,6.0,1.7639099318271627,Open WNP,TCs,south China
1986,8609,(nameless),1986-07-20 18:00:00,20.345598645277423,110.45440135472258,20.0,996.0,1,20.0,1,1986-07-20,7,1986-07-20,0.5602537429264515,0.9488838864056056,6.0,1.1019368794732776,South China Sea,Storms,south China
1986,8613,(nameless),1986-08-10 18:00:00,18.97955408334661,110.5102229583267,12.0,995.0,0,20.0,1,1986-08-10,8,1986-08-10,0.2823848164306331,1.548084196314194,6.0,1.573628248166741,South China Sea,Storms,south China
1986,8616,Wayne,1986-08-22 00:00:00,23.977618823147743,120.33285646944324,35.0,965.0,2,45.0,2,1986-08-22,8,1986-08-22,-0.9382339386780392,2.0005919365682754,7.0,2.2096721522319345,South WNP,TCs,south China
1986,8617,Abby,1986-09-19 06:00:00,23.41329255389691,121.47621960435936,45.0,946.0,2,50.0,2,1986-09-19,9,1986-09-19,0.5390868995458347,1.3404332465084026,6.0,1.444775405939275,Open WNP,TCs,south China
1987,8704,Thelma,1987-07-16 18:00:00,45.14701158221855,132.4571632430212,12.0,990.0,0,60.0,3,1987-07-16,7,1987-07-16,0.0739484090922907,1.4120547352190382,6.0,1.4139897250198776,Open WNP,TCs,east/north China
1987,8705,Vernon,1987-07-21 06:00:00,24.420636935078644,121.78730095778792,25.0,990.0,1,30.0,1,1987-07-21,7,1987-07-21,-0.7256767239446824,0.899092395777023,7.0,1.1554106818872474,Open WNP,Storms,east/north China
1987,8707,Alex,1987-07-27 18:00:00,27.818069195852317,120.78425744055302,25.0,985.0,1,35.0,2,1987-07-27,7,1987-07-27,-1.4409934803701834,0.0563057677262255,8.0,1.4420931141741902,South WNP,TCs,east/north China
1987,8710,Cary,1987-08-21 18:00:00,18.294780273071364,109.20782959039296,35.0,970.0,2,40.0,2,1987-08-21,8,1987-08-21,1.817439905183282,-0.3596198495034086,4.0,1.852677588008629,South WNP,TCs,south China
1987,8712,Gerald,1987-09-10 12:00:00,24.60125368783701,118.670353981854,30.0,980.0,1,45.0,2,1987-09-10,9,1987-09-10,0.4234563604009322,1.0112046385221356,6.0,1.096289245652208,South WNP,TCs,east/north China
1987,8719,Lynn,1987-10-28 06:00:00,22.14099153494784,113.40115736866083,10.0,1008.0,0,70.0,3,1987-10-28,10,1987-10-28,-0.808524740559911,-1.2320204847265035,2.0,1.4736304594039848,Open WNP,TCs,south China
1988,8804,Vanessa,1988-06-29 12:00:00,21.865393766972947,112.95576770550451,15.0,1000.0,0,25.0,1,1988-06-29,6,1988-06-29,-0.6793966294007651,-0.8064164512972671,2.0,1.0544606550099431,South WNP,Storms,south China
1988,8805,Warren,1988-07-19 12:00:00,22.851281015161184,116.1487189848388,30.0,975.0,1,55.0,3,1988-07-19,7,1988-07-19,0.7867815219252492,-0.6847407836650138,4.0,1.043022101423162,Open WNP,TCs,south China
1988,8807,Bill,1988-08-07 18:00:00,29.42466613117643,121.9636685408825,35.0,970.0,2,35.0,2,1988-08-07,8,1988-08-07,-0.519138628449547,-0.8636297153740728,2.0,1.007651328995094,North WNP,TCs,east/north China
1988,8817,Kit,1988-09-22 00:00:00,22.839640653819878,116.12316515386868,25.0,985.0,1,35.0,2,1988-09-22,9,1988-09-22,2.351656813937438,-0.5721594030087607,4.0,2.420259521826063,South WNP,TCs,south China
1988,8823,Pat,1988-10-22 12:00:00,18.593645396549118,110.181605651733,30.0,985.0,1,35.0,2,1988-10-22,10,1988-10-22,0.3100243175014657,1.6820792019454995,6.0,1.7104109211121925,South WNP,TCs,south China
1988,8824,Ruby,1988-10-28 06:00:00,18.74964777474967,110.45176112625164,25.0,980.0,1,45.0,2,1988-10-28,10,1988-10-28,0.6688330955355247,0.9685908409903856,6.0,1.1770751577253231,South WNP,TCs,south China
1989,8908,Gordon,1989-07-18 06:00:00,21.578761803404063,111.67787338751845,35.0,970.0,2,60.0,3,1989-07-18,7,1989-07-18,0.8469236835618857,1.3399091064057522,6.0,1.5851296916047892,Open WNP,TCs,south China
1989,8909,Hope,1989-07-20 18:00:00,28.826771858298592,121.6803155748958,40.0,975.0,2,40.0,2,1989-07-20,7,1989-07-20,0.4302221065418968,1.3963743486322748,6.0,1.4611476251479716,South WNP,TCs,east/north China
1989,8912,(nameless),1989-07-30 00:00:00,25.0696022623184,121.9215909507264,15.0,996.0,0,20.0,1,1989-07-30,7,1989-07-30,-1.1790112210906285,0.116674490611392,8.0,1.1847701870899026,North WNP,Storms,east/north China
1990,9006,Percy,1990-06-29 12:00:00,23.86722617764186,117.60492176504052,30.0,980.0,1,45.0,2,1990-06-29,6,1990-06-29,-0.9730542147636108,0.8140251449597292,8.0,1.2686494557189292,Open WNP,TCs,south China
1990,9012,Yancy,1990-08-19 06:00:00,24.77432879926527,121.81213680416349,40.0,960.0,2,40.0,2,1990-08-19,8,1990-08-19,1.379511291838046,1.060823242632872,5.0,1.740229110323924,Open WNP,TCs,east/north China
1991,9107,Amy,1991-07-19 12:00:00,23.181611349042143,116.57355460383144,30.0,970.0,1,55.0,3,1991-07-19,7,1991-07-19,1.41500387680463,0.8999156220045643,5.0,1.6769269805510298,South WNP,TCs,south China
1991,9108,Brendan,1991-07-24 00:00:00,21.991759730354516,113.21483248536188,30.0,980.0,1,35.0,2,1991-07-24,7,1991-07-24,0.9563663720237842,1.2177781521838262,6.0,1.5484250919802964,South WNP,TCs,south China
1991,9111,Fred,1991-08-16 00:00:00,20.4,110.49452246497658,45.0,960.0,2,45.0,2,1991-08-16,8,1991-08-16,1.7827097733628512,0.9784775402425442,5.0,2.0335861016447097,South WNP,TCs,south China
1991,9116,Joel,1991-09-06 18:00:00,22.804362455581813,115.09345631662728,25.0,985.0,1,30.0,1,1991-09-06,9,1991-09-06,1.4089695103469433,1.7536871136765508,6.0,2.249580755110271,South China Sea,Storms,south China
1992,9205,Eli,1992-07-13 00:00:00,19.196348415072933,110.6054773773906,35.0,970.0,2,35.0,2,1992-07-13,7,1992-07-13,-0.1001158984041017,-1.1116978798731856,2.0,1.1161968326544365,Open WNP,TCs,south China
1992,9207,Gary,1992-07-23 00:00:00,21.122457640702557,110.36257059882908,25.0,985.0,1,35.0,2,1992-07-23,7,1992-07-23,0.9188842303649652,-0.398060247291221,4.0,1.001399115880857,South WNP,TCs,south China
1992,9212,Mark,1992-08-19 06:00:00,23.591887847247225,116.97295949082408,12.0,998.0,0,25.0,1,1992-08-19,8,1992-08-19,1.88392139403076,-0.0462450783882863,4.0,1.8844889031676304,South China Sea,Storms,south China
1992,9215,Omar,1992-09-05 12:00:00,24.4,117.8978012409439,12.0,992.0,0,55.0,3,1992-09-05,9,1992-09-05,1.0923371041213497,1.2576198899174669,6.0,1.6657755360660804,Open WNP,TCs,east/north China
1992,9216,Polly,1992-08-30 06:00:00,23.982680645877164,121.61731935412284,30.0,975.0,1,35.0,2,1992-08-30,8,1992-08-30,1.8483292827026228,1.1732550640339996,5.0,2.189257541400147,North WNP,TCs,south China
1994,9403,Russ,1994-06-08 12:00:00,20.961403220265986,110.28464919493352,20.0,990.0,1,30.0,1,1994-06-08,6,1994-06-08,1.2472113617021785,-0.965036587018515,4.0,1.576969180118415,North WNP,Storms,south China
1994,9406,Tim,1994-07-10 12:00:00,23.257747982041742,121.4138016143666,45.0,950.0,2,55.0,3,1994-07-10,7,1994-07-10,1.1654730400907212,0.8029841445165358,5.0,1.4153130196261394,South WNP,TCs,south China
1994,9414,Doug,1994-08-12 18:00:00,32.42071076922389,121.33195461536567,15.0,1000.0,0,50.0,2,1994-08-12,8,1994-08-12,-1.2868932537773603,-0.759961823389852,1.0,1.4945354527838106,Open WNP,TCs,east/north China
1994,9422,Joel,1994-09-06 06:00:00,18.29158103353019,109.41736824720584,20.0,985.0,1,25.0,1,1994-09-06,9,1994-09-06,0.8305750692170061,0.8778056404621597,6.0,1.208469150633154,South China Sea,Storms,south China
1994,9424,Luke,1994-09-12 18:00:00,18.95082497380949,110.50824973809496,25.0,985.0,1,25.0,1,1994-09-12,9,1994-09-12,0.1472420979582612,1.6280118224033842,6.0,1.6346567619217005,South WNP,Storms,south China
1995,9504,Gary,1995-07-31 06:00:00,23.41842074629077,116.85115129664318,30.0,980.0,1,30.0,1,1995-07-31,7,1995-07-31,-0.8326234380392101,-1.587981192220043,2.0,1.793027065165728,South WNP,Storms,south China
1995,9505,Helen,1995-08-12 06:00:00,22.76627951248994,114.64082677500224,23.0,990.0,1,30.0,1,1995-08-12,8,1995-08-12,-1.2602847833293866,-1.051928784741884,1.0,1.6416065007364389,South WNP,Storms,south China
1995,9508,Lois,1995-08-28 06:00:00,18.5,110.08891875086924,30.0,980.0,1,30.0,1,1995-08-28,8,1995-08-28,1.1629793404572215,-0.7471333224830721,4.0,1.382291267387199,South China Sea,Storms,south China
1995,9509,Kent,1995-08-31 12:00:00,22.75627854391667,115.04054412556944,25.0,985.0,1,50.0,2,1995-08-31,8,1995-08-31,1.653849021016043,-0.2632194467171638,4.0,1.6746644623463574,South WNP,TCs,south China
1995,9511,Nina,1995-09-07 12:00:00,21.56112604833312,109.56216006531758,12.0,1000.0,0,20.0,1,1995-09-07,9,1995-09-07,0.7906177334320655,1.210856743969008,6.0,1.4461156436580322,South WNP,Storms,south China
1996,9606,FRANKIE,1996-07-22 12:00:00,18.78325409972008,110.51674590027991,28.0,970.0,1,28.0,1,1996-07-22,7,1996-07-22,0.5022615904484782,1.5448660518110928,6.0,1.62446231820816,South China Sea,Storms,south China
1996,9607,GLORIA,1996-07-27 00:00:00,24.608009286154577,118.41383543905242,18.0,990.0,1,40.0,2,1996-07-27,7,1996-07-27,0.4645464634023195,1.3368166176584242,6.0,1.4152321667865355,South WNP,TCs,east/north China
1996,9608,HERB,1996-07-31 18:00:00,24.845794965417845,121.81307551873232,40.0,960.0,2,55.0,3,1996-07-31,7,1996-07-31,0.3038950567317189,1.5024207326204728,6.0,1.5328471102213073,Open WNP,TCs,east/north China
1996,9615,SALLY,1996-09-09 06:00:00,21.328947868472486,110.6973649206926,30.0,960.0,1,50.0,2,1996-09-09,9,1996-09-09,1.241588747841763,0.4247861410647631,5.0,1.3122445977819726,South WNP,TCs,south China
1996,9618,WILLIE,1996-09-20 00:00:00,20.49439629864389,110.51400925339028,28.0,980.0,1,33.0,2,1996-09-20,9,1996-09-20,1.158919457907484,1.0449176580444115,5.0,1.5604317421821416,South China Sea,TCs,south China
1997,9711,WINNIE,1997-08-18 18:00:00,28.259636031956347,121.42234758988168,35.0,970.0,2,60.0,3,1997-08-18,8,1997-08-18,0.6212680382753325,1.092315543535641,6.0,1.2566332886057263,Open WNP,TCs,east/north China
1998,9801,NICHOLE,1998-07-09 18:00:00,22.981229646017592,120.14983716814076,18.0,998.0,1,18.0,1,1998-07-09,7,1998-07-09,0.5676970318759671,-0.9006736933949678,3.0,1.0646562928825976,North WNP,Storms,south China
1998,9806,TODD,1998-09-19 18:00:00,29.89632369519152,122.13345662836184,20.0,995.0,1,40.0,2,1998-09-19,9,1998-09-19,0.977395239192062,-1.0515530772379642,3.0,1.435641086011382,North WNP,TCs,east/north China
1999,9903,MAGGIE,1999-06-07 18:00:00,21.92852818123116,112.8571320453078,20.0,985.0,1,40.0,2,1999-06-07,6,1999-06-07,-0.2435970459117818,1.1201496446549122,7.0,1.146330993735,South WNP,TCs,south China
1999,9908,SAM,1999-08-22 12:00:00,22.258558044433588,114.50240325927734,25.0,985.0,1,33.0,2,1999-08-22,8,1999-08-22,-1.079025965909812,-1.2790604191772448,2.0,1.6734074790718103,South WNP,TCs,south China
1999,9914,DAN,1999-10-09 06:00:00,24.256930514876927,118.07384491418718,30.0,980.0,1,40.0,2,1999-10-09,10,1999-10-09,0.0951315840585299,-1.412084753206252,3.0,1.4152856137624823,South WNP,TCs,east/north China
2000,4,Kai-tak,2000-07-09 06:00:00,23.383184947882945,121.46831849478828,30.0,980.0,1,35.0,2,2000-07-09,7,2000-07-09,1.8216107099611751,1.7550758908724873,5.0,2.529536906504254,South China Sea,TCs,south China
2000,8,Jelawat,2000-08-10 18:00:00,29.52139938210087,121.7679009268487,25.0,990.0,1,45.0,2,2000-08-10,8,2000-08-10,-0.5031939790597864,-1.268413395190753,2.0,1.3645793203992775,North WNP,TCs,east/north China
2000,10,Bilis,2000-08-22 18:00:00,22.88339697140761,121.23320605718476,50.0,940.0,2,55.0,3,2000-08-22,8,2000-08-22,2.2326827447359685,1.4467079827357558,5.0,2.6604203100174035,South WNP,TCs,south China
2000,13,Maria,2000-09-01 00:00:00,22.704977063169743,115.00938933551892,25.0,985.0,1,28.0,1,2000-09-01,9,2000-09-01,-0.6061739093468133,1.7300297375352516,7.0,1.83315293991775,South China Sea,Storms,south China
2000,16,Wukong,2000-09-09 06:00:00,18.202981466013235,109.7089443980397,33.0,975.0,2,40.0,2,2000-09-09,9,2000-09-09,-1.8551201271544928,0.3281163392075042,8.0,1.8839137502095569,South China Sea,TCs,south China
2001,103,Durian,2001-07-02 12:00:00,21.614413295169165,108.77117340966169,23.0,990.0,1,35.0,2,2001-07-02,7,2001-07-02,0.8677202067771369,1.8506852427613791,6.0,2.0440093505226686,South China Sea,TCs,south China
2001,104,Utor,2001-07-06 00:00:00,22.70402958096475,115.00556746093878,30.0,970.0,1,35.0,2,2001-07-06,7,2001-07-06,-0.4113291458130225,1.7193666557382197,7.0,1.7678838658293423,South WNP,TCs,south China
2001,105,Trami,2001-07-11 12:00:00,22.39306202035417,120.91040696946877,18.0,996.0,1,20.0,1,2001-07-11,7,2001-07-11,-0.5474233609039479,0.9652469213533982,7.0,1.1096729046190086,South WNP,Storms,south China
2001,107,Yutu,2001-07-25 18:00:00,21.480468810289093,111.353710771705,33.0,975.0,2,33.0,2,2001-07-25,7,2001-07-25,-1.0527776246359466,-1.0760785785237867,2.0,1.5054188234813195,South WNP,TCs,south China
2001,108,Toraji,2001-07-29 18:00:00,23.553292966289074,121.50538984719527,35.0,970.0,2,40.0,2,2001-07-29,7,2001-07-29,-0.2250731959020963,-1.0716526239468558,2.0,1.0950330086010032,South WNP,TCs,south China
2001,114,Fitow,2001-08-31 06:00:00,21.62273279095299,108.777267209047,18.0,990.0,1,20.0,1,2001-08-31,8,2001-08-31,-0.1939104223052026,0.9981897426916644,7.0,1.016850045136171,North WNP,Storms,south China
2001,116,Nari,2001-09-16 18:00:00,24.77686732782109,121.8122407933853,30.0,980.0,1,40.0,2,2001-09-16,9,2001-09-16,-1.3553501511311654,-1.0626641904835958,1.0,1.722274430486451,North WNP,TCs,east/north China
2001,119,Lekima,2001-09-26 12:00:00,22.540692904444903,120.96372283822204,33.0,970.0,2,35.0,2,2001-09-26,9,2001-09-26,-0.5902889968044481,-1.2569528364763844,2.0,1.3886581771171875,North WNP,TCs,south China
2002,208,Nakri,2002-07-10 00:00:00,24.43062371558409,120.60899794493456,20.0,988.0,1,20.0,1,2002-07-10,7,2002-07-10,-0.3657151163769958,2.6254007341461643,7.0,2.6507501883809907,North WNP,Storms,east/north China
2002,214,Vongfong,2002-08-19 12:00:00,21.222504417634784,110.6298059932174,30.0,980.0,1,30.0,1,2002-08-19,8,2002-08-19,0.4840677000262466,1.511359704834491,6.0,1.5869876167147934,South China Sea,Storms,south China
2002,220,Mekkhala,2002-09-25 18:00:00,18.37287432204105,109.07570855931964,20.0,992.0,1,23.0,1,2002-09-25,9,2002-09-25,-1.1166394068054668,-0.8126933732453641,1.0,1.3810699054529405,South China Sea,Storms,south China
2003,308,Koni,2003-07-21 12:00:00,18.80431228488076,110.5262824331558,20.0,985.0,1,30.0,1,2003-07-21,7,2003-07-21,1.3943093165877092,-0.045383088211725,4.0,1.3950477034922204,South WNP,Storms,south China
2003,307,Imbudo,2003-07-24 06:00:00,21.436234196425797,111.29477844643355,30.0,975.0,1,50.0,2,2003-07-24,7,2003-07-24,1.3857650428632924,0.3548453744819462,5.0,1.4304754432751146,Open WNP,TCs,south China
2003,309,Morakot,2003-08-03 18:00:00,22.29197693519634,120.88001441550227,25.0,988.0,1,25.0,1,2003-08-03,8,2003-08-03,0.2821141824851324,1.2030402279811878,6.0,1.2356756055293328,South WNP,Storms,south China
2003,312,Krovanh,2003-08-25 00:00:00,19.99759298963408,110.93774618567085,35.0,965.0,2,40.0,2,2003-08-25,8,2003-08-25,1.0068676959259648,0.4594646664471806,5.0,1.1067476391719475,Open WNP,TCs,south China
2004,407,Mindulle,2004-07-01 18:00:00,23.760461580325284,121.5684395484785,28.0,985.0,1,45.0,2,2004-07-01,7,2004-07-01,-1.1953312949023074,1.5590188429756018,7.0,1.9645245372165272,Open WNP,TCs,south China
2004,409,Kompasu,2004-07-16 12:00:00,22.148500192660546,114.47379408364814,15.0,1002.0,0,23.0,1,2004-07-16,7,2004-07-16,-1.2781606647802612,-0.9173264947196922,1.0,1.5732712998419047,South WNP,Storms,south China
2004,414,Rananim,2004-08-12 12:00:00,28.230785020932256,121.39997719198674,45.0,950.0,2,45.0,2,2004-08-12,8,2004-08-12,0.4839498978510073,1.3910042007347567,6.0,1.4727865392146071,South WNP,TCs,east/north China
2004,418,Aere,2004-08-25 18:00:00,24.71789657446155,118.7357931489231,30.0,980.0,1,40.0,2,2004-08-25,8,2004-08-25,-1.2165630518342068,0.5685442164988207,8.0,1.3428582148545751,Open WNP,TCs,east/north China
2004,421,Haima,2004-09-13 06:00:00,27.86514646976643,120.84273635442042,18.0,998.0,1,18.0,1,2004-09-13,9,2004-09-13,-0.8711227705550814,-1.3034306248978056,2.0,1.5677328456408142,North WNP,Storms,east/north China
2005,508,Washi,2005-07-30 00:00:00,19.11015008679043,110.56954973962873,23.0,985.0,1,25.0,1,2005-07-30,7,2005-07-30,1.2933376927017457,0.1325866566569927,5.0,1.3001159982426778,South China Sea,Storms,south China
2005,509,Matsa,2005-08-06 00:00:00,28.21943944054993,121.11667267134008,35.0,970.0,2,45.0,2,2005-08-06,8,2005-08-06,0.6530941384975554,1.5413027834650466,6.0,1.6739612373221084,South WNP,TCs,east/north China
2005,515,Khanun,2005-09-11 12:00:00,28.613632411237912,121.51487962614736,33.0,975.0,2,50.0,2,2005-09-11,9,2005-09-11,1.9293083864794711,0.8569152339614374,5.0,2.111050584030427,Open WNP,TCs,east/north China
2005,518,Damrey,2005-09-26 00:00:00,19.06622765764815,110.5649106305926,35.0,970.0,2,50.0,2,2005-09-26,9,2005-09-26,-0.917454524886246,0.4113778599800156,8.0,1.00546235579259,South WNP,TCs,south China
2006,604,Bilis,2006-07-13 18:00:00,24.781304216584665,121.8124225477362,30.0,975.0,1,30.0,1,2006-07-13,7,2006-07-13,-0.783710308490466,1.3346503987567415,7.0,1.5477381996112105,Open WNP,Storms,east/north China
2006,605,Kaemi,2006-07-24 18:00:00,22.869882479199354,121.2164115911009,33.0,975.0,2,40.0,2,2006-07-24,7,2006-07-24,-0.5846920124336298,0.8949038721263308,7.0,1.0689797424415433,Open WNP,TCs,south China
2006,608,Saomai,2006-08-10 12:00:00,27.135849088905424,120.38490546656746,45.0,950.0,2,60.0,3,2006-08-10,8,2006-08-10,1.0727970292760949,0.4704050951440151,5.0,1.1713984887992062,Open WNP,TCs,east/north China
2007,703,Toraji,2007-07-04 06:00:00,18.670254295659294,110.34324856811357,15.0,998.0,0,23.0,1,2007-07-04,7,2007-07-04,0.7982664405845409,1.1255709619053464,6.0,1.3799055404077625,South China Sea,Storms,south China
2007,709,Sepat,2007-08-18 00:00:00,23.226790712532644,121.40736044840077,45.0,950.0,2,65.0,3,2007-08-18,8,2007-08-18,0.1520538018245543,-0.9889061799521948,3.0,1.0005277564350443,South WNP,TCs,south China
2007,713,Wipha,2007-09-19 00:00:00,27.231245581923464,120.53125568038412,30.0,980.0,1,55.0,3,2007-09-19,9,2007-09-19,1.3985159234366624,0.2266623346085537,5.0,1.416764836532902,South WNP,TCs,east/north China
2007,714,Francisco,2007-09-24 06:00:00,19.759746757573076,111.00253242426926,20.0,992.0,1,20.0,1,2007-09-24,9,2007-09-24,1.2140385260726712,0.2852480894381236,5.0,1.247099039898918,South WNP,Storms,south China
2008,806,Fengshen,2008-06-25 00:00:00,22.148499935197663,114.44431252430088,23.0,990.0,1,45.0,2,2008-06-25,6,2008-06-25,-0.8125136759081177,0.6387041305744736,8.0,1.0334996081037555,South WNP,TCs,south China
2008,807,Kalmaegi,2008-07-17 18:00:00,24.41347722104385,121.78652277895615,28.0,980.0,1,33.0,2,2008-07-17,7,2008-07-17,-0.3515450410560545,-1.4107743719554993,2.0,1.453914799586804,North WNP,TCs,east/north China
2008,812,Nuri,2008-08-22 12:00:00,22.14849938403939,114.38120049276849,28.0,980.0,1,40.0,2,2008-08-22,8,2008-08-22,-0.3513659471832207,-1.4904590376264049,2.0,1.5313151771213498,South WNP,TCs,south China
2008,813,Sinlaku,2008-09-13 18:00:00,24.68440078547185,121.83119842905629,45.0,950.0,2,55.0,3,2008-09-13,9,2008-09-13,1.6918548782804894,0.3321493428221945,5.0,1.7241508388475486,South WNP,TCs,east/north China
2008,814,Hagupit,2008-09-24 00:00:00,21.41430753521853,111.26419297532124,45.0,950.0,2,50.0,2,2008-09-24,9,2008-09-24,0.6261571317348318,0.9378977323833252,6.0,1.1277078123486488,Open WNP,TCs,south China
2008,815,Jangmi,2008-09-28 12:00:00,24.17969802774548,121.6541385926787,45.0,950.0,2,65.0,3,2008-09-28,9,2008-09-28,-0.5815109730944743,1.150099270302904,7.0,1.2887526307948145,South WNP,TCs,east/north China
2008,817,Higos,2008-10-03 18:00:00,19.60036053295493,110.95703984772716,16.0,1000.0,0,18.0,1,2008-10-03,10,2008-10-03,-1.5064244635797808,-0.0228047873425372,1.0,1.5065970671673858,South WNP,Storms,south China
2009,903,Linfa,2009-06-21 18:00:00,24.549359612246487,118.56401126239136,23.0,990.0,1,30.0,1,2009-06-21,6,2009-06-21,-1.3666914662468628,0.7491782991041266,8.0,1.5585614161015766,South China Sea,Storms,east/north China
2009,907,Goni,2009-08-07 00:00:00,20.87484545041142,110.17484545041142,25.0,972.0,1,28.0,1,2009-08-07,8,2009-08-07,-0.3881460073666402,1.0689734358708902,7.0,1.1372605372702775,South WNP,Storms,south China
2009,908,Morakot,2009-08-07 18:00:00,23.93587525490346,121.6068745751609,38.0,960.0,2,40.0,2,2009-08-07,8,2009-08-07,-0.3881460073666402,1.0689734358708902,7.0,1.1372605372702775,North WNP,TCs,south China
2010,1002,Conson,2010-07-16 12:00:00,18.19149803315232,109.61190275358676,35.0,970.0,2,35.0,2,2010-07-16,7,2010-07-16,-1.185078995609305,-1.5402948471533828,2.0,1.943430071291896,South WNP,TCs,south China
2010,1003,Chanthu,2010-07-22 06:00:00,21.258248804837653,110.65947009455763,35.0,970.0,2,35.0,2,2010-07-22,7,2010-07-22,0.8225385554598306,-1.748964138193053,3.0,1.9327299945681276,South WNP,TCs,south China
2010,1010,Meranti,2010-09-10 00:00:00,24.699426492679773,118.72737700133096,28.0,985.0,1,35.0,2,2010-09-10,9,2010-09-10,0.7602674681378949,-0.9392103785550884,3.0,1.2083553940353795,North WNP,TCs,east/north China
2010,1013,Megi,2010-10-23 12:00:00,24.020056351083404,117.70501408777083,23.0,990.0,1,72.0,3,2010-10-23,10,2010-10-23,1.0664940134792087,0.3672435563580351,5.0,1.1279527075518228,Open WNP,TCs,east/north China
2011,1103,Sarika,2011-06-11 00:00:00,23.558578564668405,116.9,18.0,996.0,1,20.0,1,2011-06-11,6,2011-06-11,1.106926061042149,0.1443068788337562,5.0,1.1162928737087896,South WNP,Storms,south China
2011,1108,Nock-ten,2011-07-29 12:00:00,19.49018033561873,110.80815923287147,25.0,985.0,1,28.0,1,2011-07-29,7,2011-07-29,-1.0257719769982063,0.2238473154488985,8.0,1.0499122674911878,South WNP,Storms,south China
2011,1111,Nanmadol,2011-08-29 00:00:00,22.26141248771656,120.88470536591674,30.0,980.0,1,60.0,3,2011-08-29,8,2011-08-29,0.4520306843935215,-1.285595381505917,3.0,1.3627498760163654,South WNP,TCs,south China
2011,1119,Nalgae,2011-10-04 06:00:00,18.634406408235304,110.2311871835294,23.0,990.0,1,50.0,2,2011-10-04,10,2011-10-04,0.5369397757677377,0.9766106676930127,6.0,1.1144831623013876,South WNP,TCs,south China
2012,1209,Saola,2012-08-03 00:00:00,26.92611309437122,120.2369434528144,25.0,985.0,1,40.0,2,2012-08-03,8,2012-08-03,0.0009842661141957,1.3558354932619698,6.0,1.3558358505249493,South WNP,TCs,east/north China
2012,1210,Damrey,2012-08-02 18:00:00,34.66292577656554,119.4797597820206,30.0,985.0,1,40.0,2,2012-08-02,8,2012-08-02,0.0888985435612225,1.3897766479092075,6.0,1.392616990461146,North WNP,TCs,east/north China
2012,1211,Haikui,2012-08-08 00:00:00,29.21948265107909,121.52882775827344,35.0,975.0,2,45.0,2,2012-08-08,8,2012-08-08,-1.5752347817505548,0.3738102884298164,8.0,1.6189807748619809,North WNP,TCs,east/north China
2012,1213,Kai-tak,2012-08-17 06:00:00,20.950615845231265,110.1633821587666,35.0,970.0,2,38.0,2,2012-08-17,8,2012-08-17,-1.0019096291193683,-0.8119629613240118,1.0,1.2896149640432095,South WNP,TCs,south China
2012,1215,Bolaven,2012-08-28 18:00:00,40.63518411799432,125.39524645113087,23.0,980.0,1,55.0,3,2012-08-28,8,2012-08-28,0.501846916889733,-1.2762208316621484,3.0,1.3713460318826012,Open WNP,TCs,east/north China
2013,1305,Bebinca,2013-06-22 06:00:00,19.167473096011765,110.5861558360412,23.0,988.0,1,23.0,1,2013-06-22,6,2013-06-22,-0.386352647153858,1.2804018991655464,7.0,1.3374219197207482,South China Sea,Storms,south China
2013,1306,Rumbia,2013-07-02 00:00:00,20.988599632961748,110.35997532115849,25.0,980.0,1,30.0,1,2013-07-02,7,2013-07-02,-0.8709472305348748,-0.7480539427305608,1.0,1.148100073865996,South WNP,Storms,south China
2013,1307,Soulik,2013-07-13 12:00:00,25.94459845816664,119.6878107928335,28.0,985.0,1,55.0,3,2013-07-13,7,2013-07-13,0.9403411544650764,-0.7491048637376779,4.0,1.2022477214185758,Open WNP,TCs,east/north China
2013,1319,Usagi,2013-09-22 12:00:00,22.742084843221004,115.6027030487265,45.0,935.0,2,60.0,3,2013-09-22,9,2013-09-22,1.4393815215623935,0.8949425458706164,5.0,1.6949163180005826,South WNP,TCs,south China
2013,1323,Fitow,2013-10-06 18:00:00,27.086036963368084,120.27446952870356,42.0,965.0,2,45.0,2,2013-10-06,10,2013-10-06,0.2373138457016471,1.1212303841156468,6.0,1.1460695596803128,South WNP,TCs,east/north China
2014,1407,Hagibis,2014-06-15 12:00:00,23.16347284507867,116.55461086196853,18.0,994.0,1,23.0,1,2014-06-15,6,2014-06-15,1.3330366711116632,-0.0984577952922633,4.0,1.3366677612564304,South China Sea,Storms,south China
2014,1409,Rammasun,2014-07-18 12:00:00,20.141613856524152,110.69596535868962,60.0,910.0,3,72.0,3,2014-07-18,7,2014-07-18,0.9617187782275284,0.9286322718822152,5.0,1.3368847761780274,Open WNP,TCs,south China
2014,1410,Matmo,2014-07-22 18:00:00,23.060876904945445,121.33912309505456,40.0,960.0,2,42.0,2,2014-07-22,7,2014-07-22,0.8562887919329515,1.525806423964427,6.0,1.7496616068832012,South WNP,TCs,south China
2015,1508,Kujira,2015-06-22 12:00:00,18.78325409972008,110.51674590027991,23.0,988.0,1,25.0,1,2015-06-22,6,2015-06-22,1.43117033921337,0.272789019986481,5.0,1.4569359592203417,South China Sea,Storms,south China
2015,1510,Linfa,2015-07-09 06:00:00,22.831093447040224,116.11343931775863,33.0,970.0,2,42.0,2,2015-07-09,7,2015-07-09,-0.4743182034871913,2.797106116698926,7.0,2.837037254995757,South WNP,TCs,south China
2015,1513,Soudelor,2015-08-08 00:00:00,23.74932820876241,121.56410761598931,42.0,955.0,2,68.0,3,2015-08-08,8,2015-08-08,-0.1054933112353583,1.1759071271135777,7.0,1.1806296668777674,Open WNP,TCs,south China
2015,1522,Mujigae,2015-10-04 12:00:00,21.17335789586798,110.4056827053126,33.0,975.0,2,52.0,3,2015-10-04,10,2015-10-04,-1.6905280917392629,0.3126055310061703,8.0,1.7191880196695306,South WNP,TCs,south China
2016,1608,DIANMU,2016-08-20 00:00:00,22.43403980535535,101.98723737921136,10.0,998.0,0,23.0,1,2016-08-20,8,2016-08-20,1.2220685690117077,1.339101381959363,6.0,1.8129103945125908,North WNP,Storms,south China
2016,1614,MERANTI,2016-09-15 00:00:00,24.50587288008716,118.19412711991284,25.0,990.0,1,75.0,3,2016-09-15,9,2016-09-15,1.474339957905302,-0.869428844687305,4.0,1.7116029993694537,Open WNP,TCs,east/north China
2016,1617,MEGI,2016-09-27 06:00:00,23.98761123143453,121.62340100729033,45.0,950.0,2,52.0,3,2016-09-27,9,2016-09-27,0.9930979789304484,0.3085422452804333,5.0,1.0399239937987932,Open WNP,TCs,south China
2017,1702,MERBOK,2017-06-12 15:00:00,22.148500421517184,114.5,25.0,988.0,1,30.0,1,2017-06-12,6,2017-06-12,-0.9997575440852744,-0.0555713170040314,1.0,1.001300813057186,South China Sea,Storms,south China
2017,1707,ROKE,2017-07-23 06:00:00,22.381345292490906,114.49495515315913,15.0,1000.0,0,20.0,1,2017-07-23,7,2017-07-23,1.0048184148778772,0.0739492660262413,5.0,1.0075358757004684,South WNP,Storms,south China
2017,1709,NESAT,2017-07-29 12:00:00,24.66390584537076,121.83158238530058,38.0,965.0,2,40.0,2,2017-07-29,7,2017-07-29,0.003924833997671,1.3170724235085745,6.0,1.3170782714359306,South WNP,TCs,east/north China
2018,1804,EWINIAR,2018-06-06 00:00:00,20.57325353080814,110.41976059242442,20.0,992.0,1,23.0,1,2018-06-06,6,2018-06-06,0.854282869931977,1.2868382512521304,6.0,1.544587940761178,South China Sea,Storms,south China
2018,1808,MARIA,2018-07-11 03:00:00,26.36684029783142,119.8684029783142,30.0,975.0,1,58.0,3,2018-07-11,7,2018-07-11,1.8018784620970123,0.2277209733309707,5.0,1.8162111203998008,Open WNP,TCs,east/north China
2018,1809,SON-TINH,2018-07-17 21:00:00,18.813629364649906,110.52266428184916,23.0,988.0,1,23.0,1,2018-07-17,7,2018-07-17,2.145798237687204,1.7629605050291397,5.0,2.7771351820093506,South WNP,Storms,south China
2018,1810,AMPIL,2018-07-22 06:00:00,31.69728961523114,121.80271038476886,25.0,982.0,1,28.0,1,2018-07-22,7,2018-07-22,0.6763306290603901,2.0633241913299663,6.0,2.1713428652179005,South WNP,Storms,east/north China
2018,1812,JONGDARI,2018-08-03 06:00:00,30.70543663299516,121.29456336700484,20.0,990.0,1,42.0,2,2018-08-03,8,2018-08-03,-0.4835465982218737,1.473056062656828,7.0,1.5503907495795963,South WNP,TCs,east/north China
2018,1814,YAGI,2018-08-12 18:00:00,28.26249757001359,121.42857420569877,20.0,990.0,1,28.0,1,2018-08-12,8,2018-08-12,-0.0361870006526138,1.9198925709075931,7.0,1.920233575074241,South WNP,Storms,east/north China
2019,1909,LEKIMA,2019-08-09 18:00:00,28.26237179189851,121.42822115607612,52.0,930.0,3,62.0,3,2019-08-09,8,2019-08-09,1.3779193747501688,-0.8290399426948629,4.0,1.6080948448071706,South WNP,TCs,east/north China
2019,1913,LINGLING,2019-09-07 18:00:00,41.32896747899809,126.41738048739886,20.0,985.0,1,55.0,3,2019-09-07,9,2019-09-07,0.7234962113395235,0.905782508812908,6.0,1.159262145113887,South WNP,TCs,east/north China
2020,2003,Sinlaku,2020-08-01 00:00:00,18.78325409972008,110.51674590027991,13.0,995.0,0,18.0,1,2020-08-01,8,2020-08-01,0.8120414921445285,-0.5996026402608324,4.0,1.009422959503138,South China Sea,Storms,south China
2020,2007,Higos,2020-08-19 00:00:00,22.0511105166685,113.29851931110866,30.0,980.0,1,35.0,2,2020-08-19,8,2020-08-19,-1.1166826061026198,0.8030813371275914,8.0,1.3754707109985218,South WNP,TCs,south China
2020,2008,Bavi,2020-08-27 06:00:00,40.464458494951096,125.03718893198696,20.0,990.0,1,45.0,2,2020-08-27,8,2020-08-27,-1.8755165856824016,-1.031977823116179,1.0,2.1406869669742425,North WNP,TCs,east/north China
2020,2016,Nangka,2020-10-13 12:00:00,19.153659439557284,110.57723426740452,25.0,988.0,1,25.0,1,2020-10-13,10,2020-10-13,1.979562865812201,-0.3556427967665638,4.0,2.011256059927368,South WNP,Storms,south China
2021,2106,In-fa,2021-07-26 03:00:00,30.62661463548689,121.14677072902622,25.0,978.0,1,42.0,2,2021-07-26,7,2021-07-26,0.641468508276676,1.009555445825216,6.0,1.1961120538252488,South WNP,TCs,east/north China
2021,2107,Cempaka,2021-07-20 15:00:00,21.74894677645717,112.00210644708564,28.0,982.0,1,38.0,2,2021-07-20,7,2021-07-20,1.4761554800641508,0.8578903952522481,5.0,1.7073403092498818,South China Sea,TCs,south China
2021,2109,Lupit,2021-08-05 09:00:00,23.57831686485432,117.33495059456295,20.0,986.0,1,23.0,1,2021-08-05,8,2021-08-05,-1.059981683193746,0.416916181039533,8.0,1.1390260184556082,North WNP,Storms,south China
2021,2117,Lionrock,2021-10-08 15:00:00,19.195754575352325,110.60424542464769,20.0,990.0,1,20.0,1,2021-10-08,10,2021-10-08,1.6027777981897608,0.6293272676936776,5.0,1.7219028660853108,South China Sea,Storms,south China
2021,2118,Kompasu,2021-10-13 09:00:00,19.05646385742396,110.5646385742396,25.0,982.0,1,33.0,2,2021-10-13,10,2021-10-13,1.1713681084923502,0.9556223619470898,5.0,1.5117266102858284,South WNP,TCs,south China
2022,2209,Ma-on,2022-08-25 03:00:00,21.4858036334343,111.359874913192,30.0,982.0,1,35.0,2,2022-08-25,8,2022-08-25,-1.0843721461585407,-1.1118302243290294,2.0,1.5530709575212651,South WNP,TCs,south China
2023,2316,SANBA,2023-10-20 03:00:00,21.15605895912671,109.7,20.0,998.0,1,25.0,1,2023-10-20,10,2023-10-20,-1.2238036796527514,-0.210133608284271,1.0,1.241713163199207,South China Sea,Storms,south China
2024,2411,YAGI,2024-09-06 09:00:00,19.759491667817063,111.00254166091467,60.0,920.0,3,62.0,3,2024-09-06,9,2024-09-06,0.9502209172528684,0.3229206948930728,5.0,1.0035923309666668,South WNP,TCs,south China
2024,2413,BEBINCA,2024-09-16 00:00:00,30.87500031983488,121.88749888057792,42.0,965.0,2,42.0,2,2024-09-16,9,2024-09-16,1.585596683813332,0.9876202197067464,5.0,1.8680231642282803,Open WNP,TCs,east/north China
2024,2414,PULASAN,2024-09-19 15:00:00,30.871350715138227,121.8858116060772,23.0,995.0,1,23.0,1,2024-09-19,9,2024-09-19,0.4463298426808452,1.4907388517588285,6.0,1.5561210276230888,Open WNP,Storms,east/north China
2024,2418,KRATHON,2024-10-03 06:00:00,22.529976725011657,120.32997672501166,38.0,965.0,2,60.0,3,2024-10-03,10,2024-10-03,-0.7632255535423274,-0.8325114362650174,2.0,1.1294195576011752,North WNP,TCs,south China
2024,2421,KONG-REY,2024-10-31 06:00:00,23.044672373835976,121.33457976635252,48.0,945.0,2,60.0,3,2024-10-31,10,2024-10-31,-1.0412526392142498,1.36407436614393,7.0,1.7160728233503393,Open WNP,TCs,south China
